Community,Region,N.Sp.doc,N.Sp.c.doc,N.Sp.r.doc,N.Sp.basal.doc,Per.basal.doc,Per.inter.doc,Per.top.doc,N.links.doc,N.Sp.inf95.10p,N.Sp.c.inf95.10p,N.Sp.r.inf95.10p,N.Sp.basal.inf95.10p,Per.basal.inf95.10p,Per.inter.inf95.10p,Per.top.inf95.10p,N.links.inf95.10p,cr.ratio,mass.log.c,mass.log.r,link.d,link.d.weighted.body.size.model.p,link.d.weighted.allometric.model.p,generality.sp,generality.weighted.body.size.model.p,generality.weighted.allometric.model.p,generality.sp.normalized,generality.weighted.body.size.model.p.normalized,generality.weighted.allometric.model.p.normalized,vulnerability.sp,vulnerability.weighted.body.size.model.p,vulnerability.weighted.allometric.model.p,vulnerability.sp.normalized,vulnerability.weighted.body.size.model.p.normalized,vulnerability.weighted.allometric.model.p.normalized,resource.hv.alpha.m.inf,resource.hv.beta.m.inf
Aberdare,Afrotropic,50,12,47,38,0.76,0.18,0.06,121,54,12,51,42,0.78,0.17,0.06,132,0.285714286,4.089,4.15,2.44,1.04,0.74,11,4.7,3.3,4.5,4.5,4.5,2.6,1.1,0.8,1.1,1.1,1.1,56819.3,0.26
Abijatta Shalla,Afrotropic,31,9,30,22,0.71,0.26,0.03,73,32,11,31,21,0.66,0.31,0.03,86,0.523809524,4.063,4.108,2.69,0.98,0.93,7.8,2.9,2.7,2.9,3,2.9,2.8,1,1,1,1,1.1,53645.8,0.32
Abou Telfane,Afrotropic,31,11,31,20,0.65,0.35,0,87,32,11,32,21,0.66,0.34,0,92,0.523809524,4.308,4.276,2.88,1.43,0.86,8.4,4.1,2.5,2.9,2.9,2.9,2.9,1.4,0.9,1,1,1,67609.9,0.27
Addax,Afrotropic,12,7,8,5,0.42,0.25,0.33,21,13,8,9,5,0.38,0.31,0.31,25,1.6,4.163,4.01,1.92,0.66,0.73,3.1,1.1,1.2,1.6,1.7,1.6,2.8,1,1.1,1.5,1.5,1.5,54993.58,0.29
Ai Ais,Afrotropic,33,11,30,22,0.67,0.24,0.09,96,33,11,30,22,0.67,0.24,0.09,104,0.5,3.783,3.881,3.15,0.93,1.1,9.5,2.8,3.3,3,3,3,3.5,1,1.2,1.1,1.1,1.1,45697.9,0.29
Air and Tenere,Afrotropic,16,10,11,6,0.38,0.31,0.31,29,19,10,14,9,0.47,0.26,0.26,37,1.111111111,4.096,4.104,1.95,0.74,0.75,3.7,1.4,1.4,1.9,1.9,1.9,2.6,1,1,1.3,1.4,1.3,54141.98,0.3
Akagera,Afrotropic,57,11,56,46,0.81,0.18,0.02,139,61,12,60,49,0.8,0.18,0.02,157,0.244897959,4.151,4.279,2.57,1.33,0.73,13.1,6.8,3.7,5.1,5.1,5.1,2.6,1.4,0.7,1,1.1,1,58863.93,0.2
Amboseli,Afrotropic,49,13,48,36,0.73,0.24,0.02,191,51,13,50,38,0.75,0.24,0.02,208,0.342105263,4.268,4.465,4.08,1.89,1.23,16,7.4,4.8,3.9,3.9,3.9,4.2,1.9,1.3,1,1,1.1,66861.3,0.3
Ansongo Menaka,Afrotropic,11,7,8,4,0.36,0.36,0.27,20,11,7,8,4,0.36,0.36,0.27,20,1.75,3.882,3.606,1.82,0.18,0.71,2.9,0.3,1.1,1.6,1.7,1.5,2.5,0.2,1,1.4,1.1,1.4,36539.74,0.43
Arabuko Sokoke,Afrotropic,23,3,20,20,0.87,0,0.13,26,25,3,22,22,0.88,0,0.12,29,0.136363636,4.114,4.154,1.16,0.69,0.34,9.7,5.8,2.8,8.4,8.4,8.2,1.3,0.8,0.4,1.1,1.2,1.2,81155.44,0.31
Arawale,Afrotropic,25,8,23,17,0.68,0.24,0.08,72,28,8,26,20,0.71,0.21,0.07,88,0.4,4.299,4.669,3.14,1.48,0.8,11,5.2,2.8,3.5,3.5,3.5,3.4,1.6,0.9,1.1,1.1,1.1,72906.87,0.3
Arly Partial,Afrotropic,37,10,35,27,0.73,0.22,0.05,107,38,10,36,28,0.74,0.21,0.05,114,0.357142857,4.318,4.417,3,1.64,0.88,11.4,6.2,3.3,3.8,3.8,3.8,3.2,1.7,0.9,1.1,1,1,74264.48,0.29
Arly Total,Afrotropic,36,10,34,26,0.72,0.22,0.06,105,37,10,35,27,0.73,0.22,0.05,112,0.37037037,4.318,4.36,3.03,1.65,0.9,11.2,6.1,3.3,3.7,3.7,3.7,3.2,1.7,1,1.1,1,1.1,74264.48,0.29
Arusha,Afrotropic,48,9,46,39,0.81,0.15,0.04,121,52,9,50,43,0.83,0.13,0.04,129,0.209302326,4.166,4.228,2.48,1.17,0.73,14.3,6.8,4.2,5.8,5.8,5.8,2.6,1.2,0.8,1,1,1.1,66393.67,0.29
Awash,Afrotropic,36,12,35,24,0.67,0.31,0.03,123,40,14,39,26,0.65,0.32,0.03,150,0.538461538,4.211,4.311,3.75,1.69,1.27,10.7,4.8,3.6,2.9,2.8,2.8,3.8,1.7,1.3,1,1,1,63926.2,0.3
Badiar,Afrotropic,39,9,37,30,0.77,0.18,0.05,100,42,9,40,33,0.79,0.17,0.05,114,0.272727273,4.276,4.169,2.71,1.43,0.8,12.7,6.7,3.7,4.7,4.7,4.6,2.9,1.5,0.8,1.1,1,1,74857.51,0.27
Bahr Salamat,Afrotropic,42,12,41,30,0.71,0.26,0.02,122,43,12,42,31,0.72,0.26,0.02,130,0.387096774,4.314,4.448,3.02,1.58,0.87,10.8,5.7,3.1,3.6,3.6,3.6,3.1,1.6,0.9,1,1,1,68437.13,0.28
Bale,Afrotropic,32,9,31,23,0.72,0.25,0.03,82,34,11,34,23,0.68,0.32,0,97,0.47826087,4.14,4.157,2.85,1.33,0.93,8.8,4.1,2.9,3.1,3.1,3.1,2.9,1.3,0.9,1,1,1,61406.43,0.24
Banc dArguin,Afrotropic,7,5,4,2,0.29,0.29,0.43,8,7,5,4,2,0.29,0.29,0.43,8,2.5,4.087,3.965,1.14,0.11,0.55,1.6,0.2,0.8,1.4,1.8,1.5,2,0.2,1,1.8,1.8,1.8,41214.75,0.35
Bangweulu,Afrotropic,48,9,47,39,0.81,0.17,0.02,138,51,9,50,42,0.82,0.16,0.02,151,0.214285714,4.371,4.361,2.96,1.63,0.82,16.8,9.2,4.6,5.7,5.6,5.6,3,1.7,0.8,1,1,1,71242.3,0.23
Banhine,Afrotropic,51,14,48,37,0.73,0.22,0.06,210,52,14,49,38,0.73,0.21,0.06,216,0.368421053,4.216,4.334,4.15,1.84,1.2,15.4,6.8,4.4,3.7,3.7,3.7,4.4,1.9,1.3,1.1,1,1.1,64851.94,0.27
Bazaruto,Afrotropic,27,8,21,19,0.7,0.07,0.22,42,28,8,22,20,0.71,0.07,0.21,46,0.4,4.065,3.918,1.64,0.74,0.6,5.8,2.6,2.1,3.5,3.5,3.5,2.1,0.9,0.8,1.3,1.2,1.3,50774.22,0.22
Benoue,Afrotropic,43,11,42,32,0.74,0.23,0.02,128,44,11,43,33,0.75,0.23,0.02,141,0.333333333,4.293,4.316,3.2,1.68,0.94,12.8,6.7,3.7,4,4,3.9,3.3,1.7,1,1,1,1.1,70153.23,0.28
Bicuar,Afrotropic,48,12,46,36,0.75,0.21,0.04,183,50,12,48,38,0.76,0.2,0.04,191,0.315789474,4.198,4.316,3.82,1.76,1.07,15.9,7.3,4.5,4.2,4.1,4.2,4,1.8,1.1,1,1,1,68030.51,0.29
Binder Lere,Afrotropic,37,10,34,27,0.73,0.19,0.08,85,38,10,35,28,0.74,0.18,0.08,95,0.357142857,4.205,4.318,2.5,1.24,0.76,9.5,4.7,2.9,3.8,3.8,3.8,2.7,1.3,0.8,1.1,1,1.1,61328.64,0.28
Bontioli,Afrotropic,32,9,30,23,0.72,0.22,0.06,84,33,9,31,24,0.73,0.21,0.06,89,0.375,4.276,4.277,2.7,1.45,0.82,9.9,5.3,3,3.7,3.7,3.7,2.9,1.5,0.9,1.1,1,1.1,74857.51,0.27
Boumba Bek,Afrotropic,36,5,32,31,0.86,0.03,0.11,41,39,5,35,34,0.87,0.03,0.1,45,0.147058824,3.822,4.032,1.15,0.69,0.39,9,5.4,3,7.8,7.8,7.7,1.3,0.8,0.4,1.1,1.2,1,39603.79,0.04
Budongo,Afrotropic,45,8,44,37,0.82,0.16,0.02,72,48,8,47,40,0.83,0.15,0.02,81,0.2,4.014,4.109,1.69,0.86,0.53,10.1,5.2,3.2,6,6,6,1.7,0.9,0.5,1,1,0.9,55035.66,0.24
Buffalo,Afrotropic,39,10,37,29,0.74,0.21,0.05,129,41,10,39,31,0.76,0.2,0.05,138,0.322580645,4.24,4.106,3.37,1.52,1.08,13.8,6.2,4.4,4.1,4.1,4.1,3.5,1.6,1.1,1,1.1,1,72350.42,0.29
Bururi Forest,Afrotropic,44,7,41,37,0.84,0.09,0.07,63,46,7,43,39,0.85,0.09,0.07,71,0.179487179,4.115,4.073,1.54,0.82,0.48,10.1,5.4,3.2,6.6,6.6,6.7,1.7,0.9,0.5,1.1,1.1,1,59137.8,0.18
Cameia,Afrotropic,43,8,42,35,0.81,0.16,0.02,116,45,8,44,37,0.82,0.16,0.02,132,0.216216216,4.376,4.313,2.93,1.59,0.72,16.5,8.9,4.1,5.6,5.6,5.7,3,1.6,0.7,1,1,1,80993.47,0.3
Campo Maan,Afrotropic,38,5,34,33,0.87,0.03,0.11,44,40,6,35,34,0.85,0.03,0.12,47,0.176470588,3.852,4.01,1.18,0.67,0.37,7.8,4.5,2.5,6.6,6.7,6.8,1.3,0.8,0.4,1.1,1.2,1.1,37445.59,0.04
Cangandala,Afrotropic,39,9,37,30,0.77,0.18,0.05,99,41,9,39,32,0.78,0.17,0.05,113,0.28125,4.276,4.156,2.76,1.4,0.75,12.6,6.4,3.4,4.6,4.6,4.5,2.9,1.5,0.8,1.1,1.1,1.1,74857.51,0.27
Chobe,Afrotropic,53,12,51,41,0.77,0.19,0.04,226,54,12,52,42,0.78,0.19,0.04,242,0.285714286,4.311,4.588,4.48,2.15,1.21,20.2,9.7,5.4,4.5,4.5,4.5,4.7,2.2,1.3,1,1,1.1,73512.53,0.33
Cliff of Bandiagara,Afrotropic,20,9,18,11,0.55,0.35,0.1,38,21,9,19,12,0.57,0.33,0.1,40,0.75,4.082,3.951,1.9,0.72,0.62,4.4,1.7,1.4,2.3,2.4,2.3,2.1,0.8,0.7,1.1,1.1,1.1,56808.49,0.27
Comoe,Afrotropic,52,9,50,43,0.83,0.13,0.04,107,54,9,52,45,0.83,0.13,0.04,123,0.2,4.166,4.273,2.28,1.26,0.62,13.7,7.6,3.7,6,6,6,2.4,1.3,0.6,1.1,1,1,63645.53,0.15
Conkouati Douli,Afrotropic,38,6,33,32,0.84,0.03,0.13,44,39,6,34,33,0.85,0.03,0.13,47,0.181818182,3.852,3.99,1.21,0.67,0.37,7.8,4.4,2.4,6.4,6.6,6.5,1.4,0.8,0.4,1.2,1.2,1.1,37445.59,0.04
Daan Viljoen,Afrotropic,35,10,32,25,0.71,0.2,0.09,123,36,10,33,26,0.72,0.19,0.08,132,0.384615385,3.996,4.131,3.67,1.16,1.04,13.2,4.2,3.8,3.6,3.6,3.7,4,1.3,1.1,1.1,1.1,1.1,55898.73,0.39
Deux Bales,Afrotropic,32,8,31,24,0.75,0.22,0.03,76,33,8,32,25,0.76,0.21,0.03,80,0.32,4.262,4.344,2.42,1.33,0.72,10,5.5,3,4.1,4.1,4.2,2.5,1.4,0.7,1,1.1,1,74522.62,0.26
Etosha,Afrotropic,45,13,43,32,0.71,0.24,0.04,206,47,13,45,34,0.72,0.23,0.04,220,0.382352941,4.179,4.31,4.68,1.91,1.2,16.9,6.9,4.3,3.6,3.6,3.6,4.9,2,1.3,1,1,1.1,69683.84,0.34
Fada Archei,Afrotropic,12,4,10,8,0.67,0.17,0.17,12,12,5,10,7,0.58,0.25,0.17,15,0.714285714,4.514,4.111,1.25,0.5,0.42,3,1.2,1,2.4,2.4,2.4,1.5,0.6,0.5,1.2,1.2,1.2,74118.03,0.27
Gambella,Afrotropic,44,12,43,32,0.73,0.25,0.02,145,45,13,44,32,0.71,0.27,0.02,162,0.40625,4.186,4.432,3.6,1.84,0.98,12.5,6.4,3.4,3.5,3.5,3.5,3.7,1.9,1,1,1,1,65031.29,0.29
Garamba,Afrotropic,51,8,49,43,0.84,0.12,0.04,97,55,8,53,47,0.85,0.11,0.04,114,0.170212766,4.247,4.319,2.07,1.21,0.53,14.2,8.3,3.6,6.9,6.9,6.8,2.2,1.3,0.6,1.1,1.1,1.1,71545.46,0.19
Gile,Afrotropic,44,9,42,35,0.8,0.16,0.05,114,45,9,43,36,0.8,0.16,0.04,120,0.25,4.336,4.441,2.67,1.51,0.68,13.3,7.6,3.4,5,5,5,2.8,1.6,0.7,1,1.1,1,72198.89,0.24
Gishwati,Afrotropic,47,9,45,38,0.81,0.15,0.04,65,50,10,48,40,0.8,0.16,0.04,76,0.25,3.97,3.956,1.52,0.81,0.5,7.6,4.1,2.5,5,5.1,5,1.6,0.8,0.5,1.1,1,1,44906.74,0.12
Golden Gate Highlands,Afrotropic,30,6,27,24,0.8,0.1,0.1,48,30,6,27,24,0.8,0.1,0.1,51,0.25,3.609,4.051,1.7,0.27,0.49,8.5,1.4,2.4,5,5.2,4.9,1.9,0.3,0.5,1.1,1.1,1,31171.82,0.23
Gombe,Afrotropic,44,9,41,35,0.8,0.14,0.07,93,48,10,45,38,0.79,0.15,0.06,111,0.263157895,4.17,4.044,2.31,1.22,0.65,11.1,5.9,3.1,4.8,4.8,4.8,2.5,1.3,0.7,1.1,1.1,1.1,65551.64,0.17
Gonarezhou,Afrotropic,59,13,57,46,0.78,0.19,0.03,248,60,13,58,47,0.78,0.18,0.03,256,0.276595745,4.273,4.452,4.27,2,1.08,19.7,9.2,5,4.6,4.6,4.6,4.4,2.1,1.1,1,1,1,67858.26,0.28
Gorongosa,Afrotropic,50,10,48,40,0.8,0.16,0.04,162,51,10,49,41,0.8,0.16,0.04,170,0.243902439,4.294,4.405,3.33,1.73,0.9,17,8.8,4.6,5.1,5.1,5.1,3.5,1.8,0.9,1.1,1,1,69957.67,0.26
Hells Gate,Afrotropic,41,11,39,30,0.73,0.22,0.05,97,42,11,40,31,0.74,0.21,0.05,102,0.35483871,4.061,4.353,2.43,0.62,0.76,9.3,2.4,2.9,3.8,3.9,3.8,2.5,0.7,0.8,1,1.1,1.1,46216.7,0.32
Hluhluwe,Afrotropic,51,10,49,41,0.8,0.16,0.04,164,53,10,51,43,0.81,0.15,0.04,174,0.23255814,4.295,4.437,3.28,1.71,0.89,17.4,9,4.7,5.3,5.3,5.3,3.4,1.8,0.9,1,1.1,1,72538.23,0.29
Hwange,Afrotropic,54,14,51,40,0.74,0.2,0.06,238,55,14,52,41,0.75,0.2,0.05,246,0.341463415,4.216,4.391,4.47,2.01,1.23,17.6,7.9,4.8,3.9,3.9,3.9,4.7,2.1,1.3,1.1,1,1.1,64851.94,0.27
Iona,Afrotropic,40,14,38,26,0.65,0.3,0.05,166,42,14,40,28,0.67,0.29,0.05,182,0.5,4.131,4.194,4.33,1.73,1.32,13,5.2,4,3,3,3,4.6,1.8,1.4,1.1,1,1.1,64738.29,0.29
Kabore Tambi,Afrotropic,34,10,33,24,0.71,0.26,0.03,91,35,10,34,25,0.71,0.26,0.03,96,0.4,4.302,4.24,2.74,1.44,0.84,9.6,5,2.9,3.5,3.5,3.5,2.8,1.5,0.9,1,1,1.1,72327.76,0.27
Kafue,Afrotropic,51,10,49,41,0.8,0.16,0.04,158,54,10,52,44,0.81,0.15,0.04,173,0.227272727,4.373,4.441,3.2,1.78,0.83,17.3,9.6,4.5,5.4,5.4,5.4,3.3,1.9,0.9,1,1.1,1.1,71871.73,0.26
Kafue Flats,Afrotropic,37,8,34,29,0.78,0.14,0.08,101,40,8,37,32,0.8,0.12,0.07,113,0.25,4.357,4.586,2.83,1.44,0.73,14.1,7.2,3.7,5,5,5.1,3.1,1.6,0.8,1.1,1.1,1.1,62627.6,0.24
Kakamega,Afrotropic,27,4,26,23,0.85,0.11,0.04,34,31,5,30,26,0.84,0.13,0.03,42,0.192307692,4.082,3.9,1.35,0.8,0.45,8.4,5,2.8,6.2,6.2,6.2,1.4,0.8,0.5,1,1,1.1,63184.97,0.08
Kapama,Afrotropic,52,13,49,39,0.75,0.19,0.06,174,52,13,49,39,0.75,0.19,0.06,179,0.333333333,4.102,4.486,3.44,1.7,1.01,13.8,6.8,4,4,4,4,3.7,1.8,1.1,1.1,1.1,1.1,58874.02,0.25
Kasungu,Afrotropic,50,10,48,40,0.8,0.16,0.04,156,52,10,50,42,0.81,0.15,0.04,163,0.238095238,4.373,4.437,3.13,1.73,0.82,16.3,9,4.3,5.2,5.2,5.2,3.3,1.8,0.9,1.1,1,1.1,71871.73,0.26
Kgalagadi Transfrontier,Afrotropic,33,13,31,20,0.61,0.33,0.06,147,33,13,31,20,0.61,0.33,0.06,148,0.65,4.179,4.216,4.48,1.8,1.39,11.4,4.6,3.5,2.5,2.6,2.5,4.8,1.9,1.5,1.1,1.1,1.1,69683.84,0.34
Khaudum,Afrotropic,37,11,35,26,0.7,0.24,0.05,141,39,11,37,28,0.72,0.23,0.05,147,0.392857143,4.282,4.354,3.77,1.76,0.97,13.4,6.2,3.4,3.6,3.5,3.5,4,1.9,1,1.1,1.1,1,72039.23,0.3
Kibale,Afrotropic,52,9,51,43,0.83,0.15,0.02,100,57,10,56,47,0.82,0.16,0.02,122,0.212765957,4.135,4.106,2.14,1.2,0.63,12.2,6.9,3.6,5.7,5.8,5.7,2.2,1.2,0.6,1,1,1,60702.04,0.16
Kibira,Afrotropic,41,7,38,34,0.83,0.1,0.07,53,44,8,41,36,0.82,0.11,0.07,63,0.222222222,4.017,3.855,1.43,0.76,0.44,7.9,4.2,2.4,5.5,5.5,5.5,1.5,0.8,0.5,1,1.1,1.1,52447.58,0.13
Kidepo Valley,Afrotropic,46,11,46,35,0.76,0.24,0,153,49,11,49,38,0.78,0.22,0,167,0.289473684,4.23,4.348,3.41,1.62,0.93,15.2,7.2,4.2,4.5,4.4,4.5,3.4,1.6,0.9,1,1,1,69248.63,0.3
Kilimanjaro,Afrotropic,39,8,38,31,0.79,0.18,0.03,105,44,8,43,36,0.82,0.16,0.02,119,0.222222222,4.299,4.24,2.7,1.46,0.7,14.9,8,3.8,5.5,5.5,5.4,2.8,1.5,0.7,1,1,1,77904.58,0.27
Kizigo,Afrotropic,56,14,54,42,0.75,0.21,0.04,210,59,14,57,45,0.76,0.2,0.03,218,0.311111111,4.209,4.264,3.69,1.73,1.03,15.6,7.3,4.3,4.2,4.2,4.2,3.8,1.8,1.1,1,1,1.1,61983.46,0.25
Knysna,Afrotropic,24,5,21,19,0.79,0.08,0.12,38,24,5,21,19,0.79,0.08,0.12,40,0.263157895,3.969,3.768,1.67,0.73,0.63,8,3.5,3,4.8,4.8,4.8,1.9,0.8,0.7,1.1,1.1,1.1,60411,0.32
Korup,Afrotropic,29,5,25,24,0.83,0.03,0.14,33,34,6,29,28,0.82,0.03,0.15,39,0.214285714,3.852,3.939,1.15,0.66,0.38,6.5,3.8,2.2,5.7,5.8,5.8,1.3,0.8,0.4,1.1,1.2,1.1,37445.59,0.04
Kourtiagou,Afrotropic,36,10,34,26,0.72,0.22,0.06,105,37,10,35,27,0.73,0.22,0.05,112,0.37037037,4.318,4.36,3.03,1.65,0.9,11.2,6.1,3.3,3.7,3.7,3.7,3.2,1.7,1,1.1,1,1.1,74264.48,0.29
Kruger,Afrotropic,56,14,53,42,0.75,0.2,0.05,229,57,14,54,43,0.75,0.19,0.05,238,0.325581395,4.216,4.485,4.18,1.98,1.09,17,8.1,4.5,4.1,4.1,4.1,4.4,2.1,1.2,1.1,1.1,1.1,64851.94,0.27
Lac Fitri,Afrotropic,23,11,23,12,0.52,0.48,0,56,24,11,24,13,0.54,0.46,0,59,0.846153846,4.308,4.197,2.46,1.14,0.87,5.4,2.5,1.9,2.2,2.2,2.2,2.5,1.1,0.9,1,1,1,67609.9,0.27
Lac Tele,Afrotropic,36,5,32,31,0.86,0.03,0.11,42,39,5,35,34,0.87,0.03,0.1,47,0.147058824,3.822,4.009,1.21,0.69,0.38,9.4,5.3,3,7.8,7.7,7.9,1.3,0.8,0.4,1.1,1.2,1.1,39603.79,0.04
Lake Manyara,Afrotropic,53,11,53,42,0.79,0.21,0,170,58,11,58,47,0.81,0.19,0,188,0.234042553,4.254,4.292,3.24,1.55,0.97,17.1,8.1,5.1,5.3,5.2,5.3,3.2,1.5,1,1,1,1,69157.84,0.3
Lake Mweru,Afrotropic,40,6,39,34,0.85,0.12,0.03,86,42,6,41,36,0.86,0.12,0.02,98,0.166666667,4.465,4.499,2.33,1.45,0.57,16.3,10.1,4,7,7,7,2.4,1.5,0.6,1,1,1.1,78572.49,0.19
Lake Nakuru,Afrotropic,54,13,54,41,0.76,0.24,0,178,57,13,57,44,0.77,0.23,0,194,0.295454545,4.198,4.247,3.4,1.54,1,14.9,6.7,4.4,4.4,4.4,4.4,3.4,1.5,1,1,1,1,62879.24,0.3
Lake Rukwa,Afrotropic,51,10,49,41,0.8,0.16,0.04,157,54,10,52,44,0.81,0.15,0.04,164,0.227272727,4.281,4.421,3.04,1.63,0.85,16.4,8.8,4.6,5.4,5.4,5.4,3.2,1.7,0.9,1.1,1,1.1,66695.05,0.21
Lefini,Afrotropic,35,7,31,28,0.8,0.09,0.11,46,37,7,33,30,0.81,0.08,0.11,53,0.233333333,4.067,4.005,1.43,0.75,0.46,7.6,4,2.4,5.3,5.3,5.2,1.6,0.8,0.5,1.1,1.1,1.1,51159.87,0.09
Lengwe,Afrotropic,43,8,42,35,0.81,0.16,0.02,101,44,8,43,36,0.82,0.16,0.02,106,0.222222222,4.33,4.251,2.41,1.36,0.64,13.2,7.5,3.5,5.5,5.5,5.5,2.5,1.4,0.7,1,1,1.1,71531.67,0.21
Liwonde,Afrotropic,48,8,47,40,0.83,0.15,0.02,109,50,8,49,42,0.84,0.14,0.02,118,0.19047619,4.33,4.341,2.36,1.34,0.65,14.8,8.3,4.1,6.3,6.2,6.3,2.4,1.4,0.7,1,1,1.1,71531.67,0.21
Lolldaiga,Afrotropic,50,12,49,38,0.76,0.22,0.02,183,53,12,52,41,0.77,0.21,0.02,206,0.292682927,4.304,4.434,3.89,1.87,1.15,17.2,8.3,5.1,4.4,4.4,4.4,4,1.9,1.2,1,1,1,70165.96,0.3
Lope,Afrotropic,37,5,33,32,0.86,0.03,0.11,43,40,6,35,34,0.85,0.03,0.12,47,0.176470588,3.852,3.978,1.18,0.68,0.38,7.8,4.5,2.5,6.6,6.6,6.6,1.3,0.8,0.4,1.1,1.2,1.1,37445.59,0.04
Luando,Afrotropic,43,9,42,34,0.79,0.19,0.02,121,46,9,45,37,0.8,0.17,0.02,138,0.243243243,4.413,4.24,3,1.6,0.83,15.3,8.2,4.3,5.1,5.1,5.2,3.1,1.6,0.9,1,1,1.1,79652.78,0.32
Luengue Luiana,Afrotropic,46,10,44,36,0.78,0.17,0.04,161,48,10,46,38,0.79,0.17,0.04,174,0.263157895,4.318,4.574,3.62,1.98,0.87,17.4,9.5,4.2,4.8,4.8,4.8,3.8,2.1,0.9,1,1.1,1,74264.48,0.29
Madjoari,Afrotropic,36,10,34,26,0.72,0.22,0.06,105,37,10,35,27,0.73,0.22,0.05,112,0.37037037,4.318,4.36,3.03,1.65,0.9,11.2,6.1,3.3,3.7,3.7,3.7,3.2,1.7,1,1.1,1,1.1,74264.48,0.29
Mago,Afrotropic,49,13,48,36,0.73,0.24,0.02,181,53,14,52,39,0.74,0.25,0.02,212,0.358974359,4.211,4.393,4,1.84,1.19,15.1,7,4.5,3.8,3.8,3.8,4.1,1.9,1.2,1,1,1,63926.2,0.3
Mahale Mountains,Afrotropic,49,7,48,42,0.86,0.12,0.02,127,52,7,51,45,0.87,0.12,0.02,144,0.155555556,4.44,4.387,2.77,1.56,0.64,20.6,11.6,4.7,7.4,7.4,7.3,2.8,1.6,0.7,1,1,1.1,85273.71,0.31
Mahango,Afrotropic,43,10,41,33,0.77,0.19,0.05,146,45,10,43,35,0.78,0.18,0.04,159,0.285714286,4.318,4.527,3.53,1.84,0.89,15.9,8.3,4,4.5,4.5,4.5,3.7,1.9,0.9,1,1,1,74264.48,0.29
Majete,Afrotropic,45,8,44,37,0.82,0.16,0.02,105,46,8,45,38,0.83,0.15,0.02,110,0.210526316,4.33,4.353,2.39,1.36,0.62,13.8,7.8,3.5,5.8,5.7,5.6,2.4,1.4,0.6,1,1,1,71531.67,0.21
Mana Pools,Afrotropic,50,10,48,40,0.8,0.16,0.04,150,52,10,50,42,0.81,0.15,0.04,159,0.238095238,4.373,4.434,3.06,1.72,0.81,15.9,9,4.2,5.2,5.2,5.2,3.2,1.8,0.8,1,1,1,71871.73,0.26
Manda,Afrotropic,40,11,39,29,0.72,0.25,0.03,111,41,11,40,30,0.73,0.24,0.02,121,0.366666667,4.279,4.379,2.95,1.56,0.91,11,5.8,3.4,3.7,3.7,3.7,3,1.6,0.9,1,1,1,68392.57,0.27
Mandelia,Afrotropic,37,11,36,26,0.7,0.27,0.03,111,38,12,37,26,0.68,0.29,0.03,118,0.461538462,4.314,4.473,3.11,1.65,0.9,9.8,5.2,2.8,3.2,3.2,3.1,3.2,1.7,0.9,1,1,1,68437.13,0.28
Manovo Gounda Saint Floris,Afrotropic,46,11,45,35,0.76,0.22,0.02,123,48,11,47,37,0.77,0.21,0.02,136,0.297297297,4.293,4.389,2.83,1.57,0.82,12.4,6.8,3.6,4.4,4.3,4.4,2.9,1.6,0.8,1,1,1,70153.23,0.28
Maputo,Afrotropic,38,7,37,31,0.82,0.16,0.03,81,40,7,39,33,0.82,0.15,0.03,89,0.212121212,4.195,4.333,2.22,1.01,0.7,12.7,5.8,4,5.7,5.7,5.7,2.3,1,0.7,1,1,1,65971.24,0.32
Mare aux Hippopotames,Afrotropic,30,7,27,23,0.77,0.13,0.1,55,31,8,28,23,0.74,0.16,0.1,59,0.347826087,4.024,4.259,1.9,0.92,0.61,7.4,3.6,2.4,3.9,3.9,3.9,2.1,1,0.7,1.1,1.1,1.1,57714.55,0.27
Marromeu,Afrotropic,42,8,41,34,0.81,0.17,0.02,128,43,8,42,35,0.81,0.16,0.02,134,0.228571429,4.501,4.405,3.12,1.74,0.76,16.8,9.4,4.1,5.4,5.4,5.4,3.2,1.8,0.8,1,1,1.1,85388.21,0.35
Marsabit,Afrotropic,42,14,41,28,0.67,0.31,0.02,148,44,14,43,30,0.68,0.3,0.02,170,0.466666667,4.211,4.285,3.86,1.58,1.16,12.1,5,3.7,3.1,3.2,3.2,4,1.6,1.2,1,1,1,63926.2,0.3
Masai Mara,Afrotropic,61,13,60,48,0.79,0.2,0.02,214,64,13,63,51,0.8,0.19,0.02,223,0.254901961,4.216,4.324,3.48,1.71,1.02,17.2,8.4,5,4.9,4.9,4.9,3.5,1.7,1,1,1,1,63685.97,0.29
Massif du Ziama,Afrotropic,44,7,42,37,0.84,0.11,0.05,55,48,8,45,40,0.83,0.1,0.06,67,0.2,3.994,4.023,1.4,0.79,0.36,8.4,4.7,2.2,6,5.9,6.1,1.5,0.8,0.4,1.1,1,1.1,48282.17,0.07
Matobo,Afrotropic,44,10,40,34,0.77,0.14,0.09,140,47,11,43,36,0.77,0.15,0.09,154,0.305555556,4.143,4.267,3.28,1.3,0.93,14,5.6,4,4.3,4.3,4.3,3.6,1.4,1,1.1,1.1,1.1,55708.3,0.29
Matusadona,Afrotropic,43,10,41,33,0.77,0.19,0.05,137,45,10,43,35,0.78,0.18,0.04,144,0.285714286,4.373,4.453,3.2,1.69,0.86,14.4,7.6,3.9,4.5,4.5,4.5,3.3,1.8,0.9,1,1.1,1,71871.73,0.26
Mavinga,Afrotropic,39,10,37,29,0.74,0.21,0.05,136,41,10,39,31,0.76,0.2,0.05,145,0.322580645,4.318,4.443,3.54,1.82,0.87,14.5,7.5,3.6,4.1,4.1,4.1,3.7,1.9,0.9,1,1,1,74264.48,0.29
Mbam et Djerem,Afrotropic,41,4,40,37,0.9,0.07,0.02,56,44,5,42,39,0.89,0.07,0.05,65,0.128205128,4.177,4.274,1.48,0.88,0.36,13,7.8,3.2,8.8,8.9,8.9,1.5,0.9,0.4,1,1,1.1,67423.37,0.1
Meru,Afrotropic,61,14,60,47,0.77,0.21,0.02,219,63,14,62,49,0.78,0.21,0.02,240,0.285714286,4.211,4.393,3.81,1.76,1.12,17.1,7.9,5,4.5,4.5,4.5,3.9,1.8,1.1,1,1,1,63926.2,0.3
Mikumi,Afrotropic,47,10,45,37,0.79,0.17,0.04,152,50,10,48,40,0.8,0.16,0.04,159,0.25,4.34,4.409,3.18,1.67,0.74,15.9,8.3,3.7,5,5,5,3.3,1.7,0.8,1,1,1.1,75866.22,0.3
Mocamedes,Afrotropic,30,11,29,19,0.63,0.33,0.03,117,32,11,31,21,0.66,0.31,0.03,126,0.523809524,4.103,4.129,3.94,1.5,1.29,11.5,4.4,3.7,2.9,2.9,2.9,4.1,1.6,1.3,1,1.1,1,65216.95,0.36
Mont Fouari,Afrotropic,35,6,31,29,0.83,0.06,0.11,42,36,7,31,29,0.81,0.06,0.14,45,0.24137931,3.884,4.017,1.25,0.66,0.36,6.4,3.4,1.8,5.1,5.2,5,1.5,0.8,0.4,1.2,1.2,1.1,35371.17,0.06
Mount Assirik,Afrotropic,40,9,38,31,0.78,0.17,0.05,101,42,9,40,33,0.79,0.17,0.05,114,0.272727273,4.276,4.252,2.71,1.46,0.8,12.7,6.8,3.7,4.7,4.7,4.6,2.9,1.5,0.8,1.1,1,1,74857.51,0.27
Mount Elgon,Afrotropic,53,12,52,41,0.77,0.21,0.02,122,57,13,56,44,0.77,0.21,0.02,137,0.295454545,4.084,4.082,2.4,1.15,0.74,10.5,5,3.2,4.4,4.3,4.3,2.4,1.2,0.8,1,1,1.1,56177.06,0.21
Mount Kenya,Afrotropic,52,11,51,41,0.79,0.19,0.02,151,54,11,53,43,0.8,0.19,0.02,158,0.255813953,4.192,4.224,2.93,1.46,0.89,14.4,7.2,4.4,4.9,4.9,4.9,3,1.5,0.9,1,1,1,66575.98,0.3
Mount Nimba Strict,Afrotropic,47,8,44,39,0.83,0.11,0.06,58,49,9,45,40,0.82,0.1,0.08,67,0.225,3.873,4.046,1.37,0.76,0.33,7.4,4.1,1.8,5.4,5.4,5.5,1.5,0.8,0.4,1.1,1.1,1.2,43143.36,0.06
Mudumu,Afrotropic,49,12,47,37,0.76,0.2,0.04,192,51,12,49,39,0.76,0.2,0.04,208,0.307692308,4.198,4.483,4.08,1.99,1.06,17.3,8.5,4.5,4.2,4.3,4.2,4.2,2.1,1.1,1,1.1,1,68030.51,0.29
Mupa,Afrotropic,42,10,40,32,0.76,0.19,0.05,140,44,10,42,34,0.77,0.18,0.05,147,0.294117647,4.24,4.41,3.34,1.62,0.94,14.7,7.1,4.1,4.4,4.4,4.4,3.5,1.7,1,1,1,1.1,72350.42,0.29
Murchison Falls,Afrotropic,51,10,49,41,0.8,0.16,0.04,128,54,10,52,44,0.81,0.15,0.04,145,0.227272727,4.152,4.192,2.69,1.4,0.71,14.5,7.6,3.8,5.4,5.4,5.4,2.8,1.5,0.7,1,1.1,1,68038.97,0.27
Mushandike,Afrotropic,38,7,35,31,0.82,0.11,0.08,75,41,8,38,33,0.8,0.12,0.07,85,0.242424242,3.982,4.159,2.07,0.88,0.69,10.6,4.5,3.5,5.1,5.1,5.1,2.2,0.9,0.7,1.1,1,1,47076.07,0.27
Mwabvi,Afrotropic,46,9,44,37,0.8,0.15,0.04,122,47,9,45,38,0.81,0.15,0.04,128,0.236842105,4.336,4.346,2.72,1.51,0.76,14.2,7.9,4,5.2,5.2,5.3,2.8,1.6,0.8,1,1.1,1.1,72198.89,0.24
Mweru Wantipa,Afrotropic,46,9,45,37,0.8,0.17,0.02,123,48,9,47,39,0.81,0.17,0.02,136,0.230769231,4.371,4.456,2.83,1.6,0.79,15.1,8.5,4.2,5.3,5.3,5.3,2.9,1.6,0.8,1,1,1,71242.3,0.23
Nairobi,Afrotropic,58,14,57,44,0.76,0.22,0.02,209,61,14,60,47,0.77,0.21,0.02,218,0.29787234,4.211,4.286,3.57,1.64,1.06,15.6,7.1,4.6,4.4,4.3,4.3,3.6,1.7,1.1,1,1,1,63926.2,0.3
Namaqua,Afrotropic,15,5,12,10,0.67,0.13,0.2,19,15,5,12,10,0.67,0.13,0.2,19,0.5,3.499,3.49,1.27,0.16,0.43,3.8,0.5,1.3,3,3.1,3,1.6,0.2,0.5,1.3,1.2,1.2,32146.56,0.36
Namib Naukluft,Afrotropic,25,8,23,17,0.68,0.24,0.08,74,26,8,24,18,0.69,0.23,0.08,88,0.444444444,4.137,3.918,3.38,1.05,1.12,11,3.4,3.6,3.3,3.2,3.2,3.7,1.1,1.2,1.1,1,1.1,63810.97,0.36
Natal,Afrotropic,35,8,33,27,0.77,0.17,0.06,70,37,8,35,29,0.78,0.16,0.05,76,0.275862069,3.865,3.99,2.05,0.77,0.63,9.5,3.6,2.9,4.6,4.7,4.6,2.2,0.8,0.7,1.1,1,1.1,45431.07,0.24
Ngorongoro,Afrotropic,56,14,55,42,0.75,0.23,0.02,205,60,14,59,46,0.77,0.22,0.02,227,0.304347826,4.211,4.367,3.78,1.75,1.16,16.2,7.5,5,4.3,4.3,4.3,3.8,1.8,1.2,1,1,1,63926.2,0.3
Ngotto Forest,Afrotropic,39,5,35,34,0.87,0.03,0.1,44,45,6,40,39,0.87,0.02,0.11,53,0.153846154,3.852,3.999,1.18,0.67,0.33,8.8,5,2.5,7.5,7.5,7.6,1.3,0.8,0.4,1.1,1.2,1.2,37445.59,0.04
Niassa,Afrotropic,44,10,42,34,0.77,0.18,0.05,135,45,10,43,35,0.78,0.18,0.04,141,0.285714286,4.373,4.434,3.13,1.74,0.84,14.1,7.8,3.8,4.5,4.5,4.5,3.3,1.8,0.9,1.1,1,1.1,71871.73,0.26
Nkasa Rupara,Afrotropic,46,10,44,36,0.78,0.17,0.04,160,47,10,45,37,0.79,0.17,0.04,172,0.27027027,4.24,4.513,3.66,1.83,0.88,17.2,8.6,4.1,4.7,4.7,4.7,3.8,1.9,0.9,1,1,1,72350.42,0.29
Nkhotakota,Afrotropic,46,10,44,36,0.78,0.17,0.04,136,49,10,47,39,0.8,0.16,0.04,144,0.256410256,4.373,4.322,2.94,1.61,0.8,14.4,7.9,3.9,4.9,4.9,4.9,3.1,1.7,0.8,1.1,1.1,1,71871.73,0.26
Nouabale Ndoki,Afrotropic,36,5,32,31,0.86,0.03,0.11,42,39,5,35,34,0.87,0.03,0.1,47,0.147058824,3.822,4.009,1.21,0.69,0.38,9.4,5.3,3,7.8,7.7,7.9,1.3,0.8,0.4,1.1,1.2,1.1,39603.79,0.04
Nyanga Nord,Afrotropic,39,6,35,33,0.85,0.05,0.1,46,40,7,35,33,0.82,0.05,0.12,49,0.212121212,3.884,4.027,1.23,0.68,0.37,7,3.9,2.1,5.7,5.7,5.7,1.4,0.8,0.4,1.1,1.2,1.1,35371.17,0.06
Nyika,Afrotropic,41,8,39,33,0.8,0.15,0.05,109,44,10,41,34,0.77,0.16,0.07,119,0.294117647,4.249,4.438,2.7,1.54,0.76,11.9,6.8,3.4,4.4,4.4,4.5,2.9,1.7,0.8,1.1,1.1,1.1,67555.98,0.22
Nyungwe,Afrotropic,43,7,40,36,0.84,0.09,0.07,57,47,8,44,39,0.83,0.11,0.06,68,0.205128205,4.017,4.014,1.45,0.8,0.4,8.5,4.7,2.3,5.9,5.9,5.7,1.5,0.8,0.4,1,1,1,52447.58,0.13
Odzala Kokoua,Afrotropic,44,7,41,37,0.84,0.09,0.07,63,46,8,43,38,0.83,0.11,0.07,77,0.210526316,4.046,4.178,1.67,0.95,0.46,9.6,5.5,2.7,5.7,5.8,5.9,1.8,1,0.5,1.1,1.1,1.1,50749.67,0.08
Okavango Delta,Afrotropic,51,13,48,38,0.75,0.2,0.06,186,52,13,49,39,0.75,0.19,0.06,200,0.333333333,4.15,4.567,3.85,1.9,0.94,15.4,7.6,3.8,4,4,4,4.1,2,1,1.1,1.1,1.1,62889.85,0.25
Omo,Afrotropic,49,13,48,36,0.73,0.24,0.02,179,53,13,52,40,0.75,0.23,0.02,203,0.325,4.284,4.408,3.83,1.83,1.1,15.6,7.5,4.5,4.1,4.1,4.1,3.9,1.9,1.1,1,1,1,67002.48,0.3
Ouadi Rime Ouadi Achim,Afrotropic,13,8,9,5,0.38,0.31,0.31,24,17,10,12,7,0.41,0.29,0.29,32,1.428571429,4.096,4.132,1.88,0.7,0.78,3.2,1.2,1.3,1.7,1.7,1.7,2.7,1,1.1,1.4,1.4,1.4,54141.98,0.3
Pama,Afrotropic,36,10,35,26,0.72,0.25,0.03,109,37,11,36,26,0.7,0.27,0.03,116,0.423076923,4.339,4.43,3.14,1.68,0.92,10.5,5.7,3.1,3.3,3.4,3.4,3.2,1.7,0.9,1,1,1,72018.62,0.29
Parc National du Diawling,Afrotropic,22,9,20,13,0.59,0.32,0.09,47,23,9,21,14,0.61,0.3,0.09,51,0.642857143,4.078,3.916,2.22,0.79,0.78,5.7,2,2,2.6,2.5,2.6,2.4,0.9,0.9,1.1,1.1,1.2,57488.05,0.32
Parc W Niger,Afrotropic,38,11,37,27,0.71,0.26,0.03,114,39,12,38,27,0.69,0.28,0.03,121,0.444444444,4.314,4.419,3.1,1.64,0.97,10.1,5.3,3.2,3.3,3.2,3.3,3.2,1.7,1,1,1,1,68437.13,0.28
Qui__ma,Afrotropic,37,10,35,27,0.73,0.22,0.05,109,39,10,37,29,0.74,0.21,0.05,117,0.344827586,4.318,4.385,3,1.6,0.82,11.7,6.2,3.2,3.9,3.9,3.9,3.2,1.7,0.9,1.1,1.1,1.1,74264.48,0.29
Reserve de faune de Gadabedji,Afrotropic,18,9,14,9,0.5,0.28,0.22,33,19,9,15,10,0.53,0.26,0.21,36,0.9,4.064,4.034,1.89,0.7,0.68,4,1.5,1.4,2.1,2.1,2.1,2.4,0.9,0.9,1.3,1.3,1.3,51542.58,0.31
Rio Pongo,Afrotropic,34,7,31,27,0.79,0.12,0.09,44,37,7,34,30,0.81,0.11,0.08,58,0.233333333,4.115,4.017,1.57,0.82,0.48,8.3,4.3,2.6,5.3,5.2,5.4,1.7,0.9,0.5,1.1,1.1,1,59137.8,0.18
Ruaha,Afrotropic,56,12,53,44,0.79,0.16,0.05,201,60,12,57,48,0.8,0.15,0.05,218,0.25,4.259,4.385,3.63,1.82,1.04,18.2,9.1,5.2,5,5,5,3.8,1.9,1.1,1,1,1.1,66189.48,0.25
Rusizi,Afrotropic,36,6,34,30,0.83,0.11,0.06,50,39,6,37,33,0.85,0.1,0.05,59,0.181818182,4.222,4.064,1.51,0.82,0.44,9.8,5.3,2.9,6.5,6.5,6.6,1.6,0.9,0.5,1.1,1.1,1.1,64699.12,0.19
Ruvubu,Afrotropic,33,6,32,27,0.82,0.15,0.03,64,37,7,36,30,0.81,0.16,0.03,75,0.233333333,4.226,4.116,2.03,1.2,0.56,10.7,6.3,3,5.3,5.2,5.4,2.1,1.2,0.6,1,1,1.1,71568.37,0.15
Rwenzori Mountains,Afrotropic,55,10,53,45,0.82,0.15,0.04,111,60,11,58,49,0.82,0.15,0.03,134,0.224489796,4.158,4.056,2.23,1.2,0.61,12.2,6.6,3.3,5.5,5.5,5.4,2.3,1.2,0.6,1,1,1,62232.46,0.18
Sahel,Afrotropic,16,7,15,9,0.56,0.38,0.06,31,19,7,18,12,0.63,0.32,0.05,37,0.583333333,4.155,4.066,1.95,0.87,0.85,5.3,2.4,2.3,2.7,2.8,2.7,2.1,0.9,0.9,1.1,1,1.1,60653.36,0.27
Salonga,Afrotropic,31,4,28,27,0.87,0.03,0.1,35,36,4,33,32,0.89,0.03,0.08,41,0.125,3.937,3.978,1.14,0.68,0.37,10.2,6.1,3.4,8.9,9,9.2,1.2,0.7,0.4,1.1,1,1.1,48996.53,0.06
Samburu,Afrotropic,51,13,50,38,0.75,0.24,0.02,184,53,13,52,40,0.75,0.23,0.02,206,0.325,4.284,4.425,3.89,1.79,1.12,15.8,7.3,4.6,4.1,4.1,4.1,4,1.8,1.1,1,1,1,67002.48,0.3
Selous,Afrotropic,56,11,53,45,0.8,0.14,0.05,171,58,11,55,47,0.81,0.14,0.05,182,0.234042553,4.291,4.401,3.14,1.68,0.87,16.5,8.8,4.6,5.3,5.2,5.3,3.3,1.8,0.9,1.1,1.1,1,67680.65,0.24
Serengeti,Afrotropic,61,14,60,47,0.77,0.21,0.02,233,65,14,64,51,0.78,0.2,0.02,255,0.274509804,4.211,4.349,3.92,1.81,1.11,18.2,8.4,5.1,4.6,4.6,4.6,4,1.8,1.1,1,1,1,63926.2,0.3
Shimba Hills,Afrotropic,40,10,39,30,0.75,0.22,0.03,80,43,10,42,33,0.77,0.21,0.02,88,0.303030303,4.065,4.124,2.05,0.89,0.61,8.8,3.8,2.6,4.3,4.3,4.3,2.1,0.9,0.6,1,1,1,56106.31,0.3
Simien Mountains,Afrotropic,24,8,21,16,0.67,0.21,0.12,51,25,9,22,16,0.64,0.24,0.12,56,0.5625,4.241,4.267,2.24,0.96,0.97,6.2,2.7,2.7,2.8,2.8,2.8,2.5,1.1,1.1,1.1,1.1,1.1,57436.35,0.23
Singou,Afrotropic,35,10,34,25,0.71,0.26,0.03,106,36,11,35,25,0.69,0.28,0.03,113,0.44,4.339,4.465,3.14,1.68,0.93,10.3,5.5,3,3.3,3.3,3.2,3.2,1.7,1,1,1,1.1,72018.62,0.29
Siniaka Minia,Afrotropic,36,12,35,24,0.67,0.31,0.03,112,37,12,36,25,0.68,0.3,0.03,121,0.48,4.314,4.318,3.27,1.64,0.97,10.1,5.1,3,3.1,3.1,3.1,3.4,1.7,1,1,1,1,68437.13,0.28
Skeleton Coast,Afrotropic,20,10,20,10,0.5,0.5,0,64,20,10,20,10,0.5,0.5,0,69,1,4.334,4.453,3.45,1.49,0.95,6.9,3,1.9,2,2,2,3.5,1.5,1,1,1,1.1,77972.82,0.34
Tai Forest,Afrotropic,34,5,31,29,0.85,0.06,0.09,38,39,6,35,33,0.85,0.05,0.1,44,0.181818182,3.751,3.952,1.13,0.67,0.28,7.3,4.3,1.8,6.5,6.4,6.4,1.3,0.7,0.3,1.2,1,1.1,38104.8,0.04
Tamou,Afrotropic,37,11,36,26,0.7,0.27,0.03,112,38,12,37,26,0.68,0.29,0.03,119,0.461538462,4.314,4.359,3.13,1.65,1,9.9,5.2,3.2,3.2,3.2,3.2,3.2,1.7,1,1,1,1,68437.13,0.28
Tarangire,Afrotropic,57,14,56,43,0.75,0.23,0.02,226,63,14,62,49,0.78,0.21,0.02,252,0.285714286,4.211,4.334,4,1.82,1.15,18,8.2,5.2,4.5,4.5,4.5,4.1,1.8,1.2,1,1,1,63926.2,0.3
Tongwe,Afrotropic,50,11,49,39,0.78,0.2,0.02,129,52,11,51,41,0.79,0.19,0.02,140,0.268292683,4.209,4.285,2.69,1.42,0.79,12.7,6.7,3.7,4.7,4.7,4.7,2.7,1.4,0.8,1,1,1,67928.38,0.27
Tsavo,Afrotropic,51,13,50,38,0.75,0.24,0.02,190,55,13,54,42,0.76,0.22,0.02,212,0.30952381,4.224,4.423,3.85,1.81,1.13,16.3,7.7,4.8,4.2,4.3,4.2,3.9,1.8,1.2,1,1,1.1,66609.7,0.29
Tsoulou,Afrotropic,34,8,30,26,0.76,0.12,0.12,45,34,8,30,26,0.76,0.12,0.12,50,0.307692308,3.999,4.047,1.47,0.78,0.46,6.2,3.3,1.9,4.2,4.2,4.1,1.7,0.9,0.5,1.2,1.2,1.1,44820.64,0.07
Volcans,Afrotropic,60,11,58,49,0.82,0.15,0.03,116,65,12,63,53,0.82,0.15,0.03,137,0.226415094,4.02,4.166,2.11,1.21,0.6,11.4,6.5,3.3,5.4,5.4,5.5,2.2,1.2,0.6,1,1,1,50791.61,0.11
Vwaza Marsh,Afrotropic,48,10,46,38,0.79,0.17,0.04,146,52,11,49,41,0.79,0.15,0.06,157,0.268292683,4.291,4.351,3.02,1.65,0.82,14.3,7.8,3.9,4.7,4.7,4.8,3.2,1.8,0.9,1.1,1.1,1.1,67680.65,0.24
W,Afrotropic,40,13,39,27,0.68,0.3,0.03,123,41,13,40,28,0.68,0.29,0.02,130,0.464285714,4.234,4.36,3.17,1.59,0.98,10,5,3.1,3.2,3.1,3.2,3.2,1.6,1,1,1,1,65013.86,0.28
Waterberg Plateau,Afrotropic,40,11,36,29,0.72,0.17,0.1,137,42,12,38,30,0.71,0.19,0.1,151,0.4,4.036,4.305,3.6,1.28,0.89,12.6,4.5,3.1,3.5,3.5,3.5,4,1.4,1,1.1,1.1,1.1,54954.05,0.36
Waza,Afrotropic,34,10,34,24,0.71,0.29,0,94,35,11,35,24,0.69,0.31,0,100,0.458333333,4.308,4.352,2.86,1.47,0.93,9.1,4.7,3,3.2,3.2,3.2,2.9,1.5,0.9,1,1,1,67609.9,0.27
West Lunga,Afrotropic,43,9,42,34,0.79,0.19,0.02,141,45,9,44,36,0.8,0.18,0.02,154,0.25,4.413,4.508,3.42,1.89,0.92,17.1,9.4,4.6,5,5,5,3.5,1.9,0.9,1,1,1,79652.78,0.32
Yangudi Rassa,Afrotropic,30,11,30,19,0.63,0.37,0,97,34,12,34,22,0.65,0.35,0,120,0.545454545,4.259,4.222,3.53,1.51,1.24,10,4.3,3.5,2.8,2.8,2.8,3.5,1.5,1.2,1,1,1,65971.7,0.29
Zakouma,Afrotropic,41,12,40,29,0.71,0.27,0.02,123,42,12,41,30,0.71,0.26,0.02,130,0.4,4.314,4.488,3.1,1.62,0.83,10.8,5.7,2.9,3.5,3.5,3.5,3.2,1.7,0.9,1,1,1.1,68437.13,0.28
Zemongo,Afrotropic,42,8,41,34,0.81,0.17,0.02,94,43,8,42,35,0.81,0.16,0.02,105,0.228571429,4.262,4.447,2.44,1.41,0.65,13.1,7.6,3.5,5.4,5.4,5.4,2.5,1.4,0.7,1,1,1.1,74522.62,0.26
Zinave,Afrotropic,51,12,48,39,0.76,0.18,0.06,176,52,12,49,40,0.77,0.17,0.06,184,0.3,4.259,4.338,3.54,1.8,0.98,15.3,7.8,4.3,4.3,4.3,4.4,3.8,1.9,1,1.1,1.1,1,66189.48,0.25
Ailao Shan,Indomalayan,25,9,23,16,0.64,0.28,0.08,46,29,10,26,19,0.66,0.24,0.1,54,0.526315789,3.929,3.938,1.86,0.49,0.57,5.4,1.4,1.7,2.9,2.9,3,2.1,0.5,0.6,1.1,1,1.1,20903.75,0.15
Alaungdaw Kathapa,Indomalayan,27,9,24,18,0.67,0.22,0.11,54,30,10,27,20,0.67,0.23,0.1,61,0.5,4.088,4.273,2.03,0.63,0.47,6.1,1.9,1.4,3,3,3,2.3,0.7,0.5,1.1,1.1,1.1,27430.56,0.17
Anamalai,Indomalayan,25,6,24,19,0.76,0.2,0.04,56,29,7,28,22,0.76,0.21,0.03,65,0.318181818,4.166,4.166,2.24,0.71,0.6,9.3,2.9,2.5,4.2,4.1,4.2,2.3,0.7,0.6,1,1,1,34825.54,0.19
Bach Ma,Indomalayan,26,7,24,19,0.73,0.19,0.08,44,28,8,26,20,0.71,0.21,0.07,54,0.4,4.101,4.047,1.93,0.58,0.49,6.8,2,1.7,3.5,3.4,3.5,2.1,0.6,0.5,1.1,1,1,29763.24,0.16
Baima Xueshan,Indomalayan,24,7,21,17,0.71,0.17,0.12,32,27,7,24,20,0.74,0.15,0.11,38,0.35,3.77,3.939,1.41,0.38,0.26,5.4,1.5,1,3.8,3.9,3.8,1.6,0.4,0.3,1.1,1.1,1.2,19614.73,0.11
Bandhavgarh,Indomalayan,24,8,23,16,0.67,0.29,0.04,74,25,8,24,17,0.68,0.28,0.04,79,0.470588235,4.343,4.221,3.16,0.84,1.13,9.9,2.6,3.5,3.1,3.1,3.1,3.3,0.9,1.2,1,1.1,1.1,40808.5,0.33
Bandipura,Indomalayan,27,7,25,20,0.74,0.19,0.07,66,30,8,28,22,0.73,0.2,0.07,76,0.363636364,4.213,4.149,2.53,0.72,0.78,9.5,2.7,2.9,3.8,3.8,3.7,2.7,0.8,0.8,1.1,1.1,1,34544.91,0.22
Barail,Indomalayan,25,8,22,17,0.68,0.2,0.12,42,29,10,24,19,0.66,0.17,0.17,47,0.526315789,4.002,4.102,1.62,0.45,0.44,4.7,1.3,1.3,2.9,2.9,3,2,0.5,0.5,1.2,1.1,1.1,22222.07,0.17
Belum Temengor,Indomalayan,26,7,24,19,0.73,0.19,0.08,43,29,8,27,21,0.72,0.21,0.07,49,0.380952381,4.109,4.133,1.69,0.56,0.34,6.1,2,1.2,3.6,3.6,3.5,1.8,0.6,0.4,1.1,1.1,1.2,28653.81,0.11
Berbak,Indomalayan,13,3,12,10,0.77,0.15,0.08,16,15,4,14,11,0.73,0.2,0.07,18,0.363636364,4.246,4.007,1.2,0.36,0.26,4.5,1.4,1,3.8,3.9,3.8,1.3,0.4,0.3,1.1,1.1,1.2,35235.32,0.12
Bitahai,Indomalayan,29,9,24,20,0.69,0.14,0.17,50,35,10,30,25,0.71,0.14,0.14,61,0.4,4.03,3.976,1.74,0.42,0.49,6.1,1.5,1.7,3.5,3.6,3.5,2,0.5,0.6,1.1,1.2,1.2,22551.18,0.15
Bukit Barisan Selatan,Indomalayan,15,3,14,12,0.8,0.13,0.07,18,17,5,16,12,0.71,0.24,0.06,22,0.416666667,4.077,4.224,1.29,0.43,0.25,4.4,1.5,0.8,3.4,3.5,3.2,1.4,0.5,0.3,1.1,1.2,1.2,29725.14,0.1
Bukit Kutu,Indomalayan,23,6,21,17,0.74,0.17,0.09,32,26,7,24,19,0.73,0.19,0.08,38,0.368421053,4.096,4.091,1.46,0.48,0.28,5.4,1.8,1.1,3.7,3.8,3.9,1.6,0.5,0.3,1.1,1,1.1,26242.7,0.08
Cat Tien,Indomalayan,29,7,27,22,0.76,0.17,0.07,52,33,9,31,24,0.73,0.21,0.06,65,0.375,4.097,4.308,1.97,0.66,0.43,7.2,2.4,1.6,3.7,3.6,3.7,2.1,0.7,0.5,1.1,1.1,1.2,26543.78,0.12
Chandoli,Indomalayan,24,7,22,17,0.71,0.21,0.08,59,25,7,23,18,0.72,0.2,0.08,64,0.388888889,4.319,4.132,2.56,0.73,0.81,9.1,2.6,2.9,3.6,3.6,3.6,2.8,0.8,0.9,1.1,1.1,1.1,39181.66,0.28
Chitwan,Indomalayan,34,10,32,24,0.71,0.24,0.06,97,35,10,33,25,0.71,0.23,0.06,99,0.4,4.246,4.232,2.83,0.77,0.86,9.9,2.7,3,3.5,3.5,3.5,3,0.8,0.9,1.1,1,1,33849.08,0.22
Daweishan,Indomalayan,24,8,22,16,0.67,0.25,0.08,40,27,8,25,19,0.7,0.22,0.07,48,0.421052632,4.034,4.057,1.78,0.55,0.38,6,1.9,1.3,3.4,3.5,3.4,1.9,0.6,0.4,1.1,1.1,1.1,26820.5,0.14
Dibru-Saikhowa,Indomalayan,30,9,27,21,0.7,0.2,0.1,62,32,9,29,23,0.72,0.19,0.09,66,0.391304348,4.164,4.382,2.06,0.67,0.53,7.3,2.4,1.9,3.5,3.6,3.6,2.3,0.7,0.6,1.1,1,1.1,29624.58,0.19
Doi Inthanon,Indomalayan,25,7,24,18,0.72,0.24,0.04,47,28,7,27,21,0.75,0.21,0.04,56,0.333333333,4.08,3.979,2,0.62,0.55,8,2.5,2.2,4,4,4,2.1,0.6,0.6,1,1,1.1,34542.81,0.17
Doi Suthep-Pui,Indomalayan,21,6,19,15,0.71,0.19,0.1,31,25,6,23,19,0.76,0.16,0.08,39,0.315789474,3.908,3.943,1.56,0.46,0.45,6.5,1.9,1.9,4.2,4.1,4.2,1.7,0.5,0.5,1.1,1.1,1.1,28170.77,0.13
Eravikulam,Indomalayan,23,6,22,17,0.74,0.22,0.04,53,26,6,25,20,0.77,0.19,0.04,60,0.3,4.282,4.188,2.31,0.72,0.6,10,3.1,2.6,4.3,4.3,4.3,2.4,0.7,0.6,1,1,1,40281.85,0.26
Erawan,Indomalayan,26,8,25,18,0.69,0.27,0.04,52,30,8,29,22,0.73,0.23,0.03,61,0.363636364,4.07,4.135,2.03,0.64,0.53,7.6,2.4,2,3.7,3.8,3.8,2.1,0.7,0.6,1,1.1,1.1,31432.9,0.17
Gorumara,Indomalayan,26,9,24,17,0.65,0.27,0.08,59,28,9,26,19,0.68,0.25,0.07,64,0.473684211,4.095,4.265,2.29,0.71,0.62,7.1,2.2,1.9,3.1,3.1,3.1,2.5,0.8,0.7,1.1,1.1,1.1,30948.07,0.2
Great Himalayan,Indomalayan,21,7,17,14,0.67,0.14,0.19,35,22,8,18,14,0.64,0.18,0.18,38,0.571428571,4.127,3.937,1.73,0.38,0.46,4.8,1,1.3,2.8,2.6,2.8,2.1,0.5,0.6,1.2,1.3,1.3,24905.28,0.2
Gunung Leuser,Indomalayan,16,4,15,12,0.75,0.19,0.06,20,20,6,19,14,0.7,0.25,0.05,30,0.428571429,3.976,4.175,1.5,0.47,0.37,5,1.6,1.2,3.3,3.4,3.2,1.6,0.5,0.4,1.1,1.1,1.1,25118.89,0.07
Hoollongapar_,Indomalayan,24,7,23,17,0.71,0.25,0.04,58,25,7,24,18,0.72,0.24,0.04,61,0.388888889,4.193,4.273,2.44,0.75,0.75,8.7,2.7,2.7,3.6,3.6,3.6,2.5,0.8,0.8,1,1.1,1.1,37668.69,0.26
Huai Kha Khaeng,Indomalayan,32,10,29,22,0.69,0.22,0.09,66,37,11,34,26,0.7,0.22,0.08,77,0.423076923,4.085,4.241,2.08,0.66,0.53,7,2.2,1.8,3.4,3.3,3.4,2.3,0.7,0.6,1.1,1.1,1.1,25008.52,0.14
Indravati,Indomalayan,26,7,24,19,0.73,0.19,0.08,70,26,7,24,19,0.73,0.19,0.08,71,0.368421053,4.326,4.182,2.73,0.77,0.81,10.1,2.8,3,3.7,3.6,3.7,3,0.8,0.9,1.1,1,1.1,39202.12,0.31
Jiulianshan,Indomalayan,25,8,23,17,0.68,0.24,0.08,54,25,8,23,17,0.68,0.24,0.08,58,0.470588235,4.183,4.127,2.32,0.7,0.6,7.2,2.2,1.9,3.1,3.1,3.2,2.5,0.8,0.7,1.1,1.1,1.2,37549.7,0.22
Kaeng Krachan,Indomalayan,29,9,27,20,0.69,0.24,0.07,55,34,9,32,25,0.74,0.21,0.06,65,0.36,4.101,4.165,1.91,0.62,0.42,7.2,2.3,1.6,3.8,3.7,3.8,2,0.7,0.4,1,1.1,1,28074.01,0.12
Kanha,Indomalayan,29,8,28,21,0.72,0.24,0.03,86,29,8,28,21,0.72,0.24,0.03,87,0.380952381,4.343,4.248,3,0.83,0.98,10.9,3,3.5,3.6,3.6,3.6,3.1,0.9,1,1,1.1,1,40808.5,0.33
Kaziranga,Indomalayan,32,8,30,24,0.75,0.19,0.06,66,33,8,31,25,0.76,0.18,0.06,69,0.32,4.172,4.395,2.09,0.69,0.49,8.6,2.9,2,4.1,4.2,4.1,2.2,0.7,0.5,1.1,1,1,34555.62,0.25
Keoladeo,Indomalayan,27,10,22,17,0.63,0.19,0.19,65,28,10,23,18,0.64,0.18,0.18,69,0.555555556,4.196,4.124,2.46,0.65,0.85,6.9,1.8,2.4,2.8,2.8,2.8,3,0.8,1,1.2,1.2,1.2,26801.26,0.21
Kerinci Seblat,Indomalayan,15,3,14,12,0.8,0.13,0.07,18,19,5,18,14,0.74,0.21,0.05,27,0.357142857,4.077,4.214,1.42,0.44,0.34,5.4,1.7,1.3,3.8,3.9,3.8,1.5,0.5,0.4,1.1,1.1,1.2,29725.14,0.1
Khangchendzonga,Indomalayan,33,12,30,21,0.64,0.27,0.09,84,37,13,34,24,0.65,0.27,0.08,98,0.541666667,4.005,4.168,2.65,0.55,0.85,7.5,1.6,2.4,2.8,2.9,2.8,2.9,0.6,0.9,1.1,1.1,1.1,24564.03,0.19
Khao Ang Rue Nai,Indomalayan,18,4,16,14,0.78,0.11,0.11,27,20,5,18,15,0.75,0.15,0.1,30,0.333333333,4.06,4.364,1.5,0.44,0.28,6,1.8,1.1,4,4.1,3.9,1.7,0.5,0.3,1.1,1.1,1.1,29596.58,0.14
Khao Chamao-Khao Wong,Indomalayan,18,4,17,14,0.78,0.17,0.06,26,20,5,19,15,0.75,0.2,0.05,32,0.333333333,4.064,4.229,1.6,0.56,0.35,6.4,2.2,1.4,4,3.9,4,1.7,0.6,0.4,1.1,1.1,1.1,34566.49,0.12
Khao Luang,Indomalayan,19,4,18,15,0.79,0.16,0.05,27,22,5,21,17,0.77,0.18,0.05,33,0.294117647,4.064,4.004,1.5,0.52,0.36,6.6,2.3,1.6,4.4,4.4,4.4,1.6,0.5,0.4,1.1,1,1.1,34566.49,0.12
Khao Pra-Bang Khram,Indomalayan,19,4,18,15,0.79,0.16,0.05,28,22,4,21,18,0.82,0.14,0.05,32,0.222222222,4.231,4.077,1.45,0.51,0.35,8,2.8,1.9,5.5,5.5,5.4,1.5,0.5,0.4,1,1,1.1,41287.02,0.17
Khao Pu-Khao Ya,Indomalayan,14,3,13,11,0.79,0.14,0.07,16,18,4,16,14,0.78,0.11,0.11,21,0.285714286,3.803,3.897,1.17,0.38,0.28,5.2,1.7,1.3,4.4,4.5,4.6,1.3,0.4,0.3,1.1,1.1,1.1,25014.34,0.07
Khao Soi Dao,Indomalayan,24,6,23,18,0.75,0.21,0.04,45,26,7,25,19,0.73,0.23,0.04,51,0.368421053,4.074,4.29,1.96,0.69,0.41,7.3,2.5,1.5,3.7,3.6,3.7,2,0.7,0.4,1,1,1,32575.37,0.17
Khao Sok,Indomalayan,27,8,25,19,0.7,0.22,0.07,47,30,8,28,22,0.73,0.2,0.07,54,0.363636364,4.109,4.174,1.8,0.61,0.41,6.8,2.3,1.5,3.8,3.8,3.7,1.9,0.7,0.4,1.1,1.1,1,28653.81,0.11
Khao Yai,Indomalayan,27,8,25,19,0.7,0.22,0.07,51,29,9,27,20,0.69,0.24,0.07,57,0.45,4.095,4.193,1.97,0.59,0.43,6.3,1.9,1.4,3.2,3.2,3.3,2.1,0.6,0.5,1.1,1,1.2,29060.17,0.17
Khlong Saeng,Indomalayan,28,8,26,20,0.71,0.21,0.07,50,31,8,29,23,0.74,0.19,0.06,57,0.347826087,4.109,4.232,1.84,0.64,0.4,7.1,2.5,1.5,3.9,3.9,3.8,2,0.7,0.4,1.1,1.1,1,28653.81,0.11
Krau,Indomalayan,24,7,22,17,0.71,0.21,0.08,39,27,8,25,19,0.7,0.22,0.07,45,0.421052632,4.109,4.027,1.67,0.54,0.36,5.6,1.8,1.2,3.4,3.3,3.3,1.8,0.6,0.4,1.1,1.1,1.1,28653.81,0.11
Kudremukh,Indomalayan,24,6,23,18,0.75,0.21,0.04,53,27,7,26,20,0.74,0.22,0.04,59,0.35,4.166,4.079,2.19,0.65,0.66,8.4,2.5,2.5,3.8,3.8,3.8,2.3,0.7,0.7,1.1,1.1,1.1,34825.54,0.19
Kui Buri,Indomalayan,27,8,25,19,0.7,0.22,0.07,50,32,8,30,24,0.75,0.19,0.06,60,0.333333333,4.109,4.176,1.88,0.63,0.41,7.5,2.5,1.6,4,4,3.9,2,0.7,0.4,1.1,1.1,1,28653.81,0.11
Laokhowa-Burhachapori,Indomalayan,25,7,24,18,0.72,0.24,0.04,57,26,7,25,19,0.73,0.23,0.04,60,0.368421053,4.193,4.356,2.31,0.74,0.67,8.6,2.8,2.5,3.7,3.8,3.7,2.4,0.8,0.7,1,1.1,1,37668.69,0.26
Mae Sa-Kog,Indomalayan,23,7,20,16,0.7,0.17,0.13,35,27,7,24,20,0.74,0.15,0.11,43,0.35,3.963,3.963,1.59,0.43,0.42,6.1,1.7,1.6,3.8,4,3.8,1.8,0.5,0.5,1.1,1.2,1.2,25586.13,0.13
Mae Tuen,Indomalayan,28,7,27,21,0.75,0.21,0.04,47,31,8,30,23,0.74,0.23,0.03,56,0.347826087,4.053,4.208,1.81,0.61,0.47,7,2.4,1.8,3.9,3.9,3.8,1.9,0.6,0.5,1,1,1.1,25839.96,0.11
Mae Wong,Indomalayan,26,8,25,18,0.69,0.27,0.04,51,30,9,29,21,0.7,0.27,0.03,61,0.428571429,4.069,4.051,2.03,0.64,0.57,6.8,2.1,1.9,3.3,3.3,3.3,2.1,0.7,0.6,1,1.1,1.1,28027.92,0.13
Manas,Indomalayan,33,9,30,24,0.73,0.18,0.09,74,34,9,31,25,0.74,0.18,0.09,77,0.36,4.186,4.385,2.26,0.71,0.52,8.6,2.7,2,3.8,3.8,3.8,2.5,0.8,0.6,1.1,1.1,1.2,31835.92,0.24
Matang,Indomalayan,12,3,11,9,0.75,0.17,0.08,13,16,3,15,13,0.81,0.12,0.06,18,0.230769231,3.938,3.813,1.12,0.37,0.27,6,2,1.4,5.4,5.4,5.2,1.2,0.4,0.3,1.1,1.1,1.1,30790.99,0.11
Minneriya,Indomalayan,19,4,17,15,0.79,0.11,0.11,28,21,4,19,17,0.81,0.1,0.1,30,0.235294118,4.198,4.296,1.43,0.4,0.47,7.5,2.1,2.5,5.2,5.2,5.3,1.6,0.4,0.5,1.1,1,1.1,28575.51,0.26
Nagarhole,Indomalayan,26,7,24,19,0.73,0.19,0.08,63,29,8,27,21,0.72,0.21,0.07,72,0.380952381,4.213,4.157,2.48,0.71,0.75,9,2.6,2.7,3.6,3.7,3.6,2.7,0.8,0.8,1.1,1.1,1.1,34544.91,0.22
Nam Et-Phou Louey,Indomalayan,21,5,19,16,0.76,0.14,0.1,31,24,7,22,17,0.71,0.21,0.08,40,0.411764706,4.096,4.149,1.67,0.58,0.37,5.7,2,1.3,3.4,3.4,3.5,1.8,0.6,0.4,1.1,1,1.1,26242.7,0.08
Nam Ha,Indomalayan,21,6,18,15,0.71,0.14,0.14,33,24,7,21,17,0.71,0.17,0.12,39,0.411764706,3.963,4.216,1.62,0.46,0.35,5.6,1.6,1.2,3.5,3.5,3.4,1.9,0.5,0.4,1.2,1.1,1.1,25586.13,0.13
Nam Kading,Indomalayan,28,7,26,21,0.75,0.18,0.07,53,31,9,29,22,0.71,0.23,0.06,64,0.409090909,4.101,4.196,2.06,0.66,0.51,7.1,2.3,1.7,3.4,3.5,3.3,2.2,0.7,0.5,1.1,1.1,1,28074.01,0.12
Nam Khan,Indomalayan,23,7,21,16,0.7,0.22,0.09,46,27,8,25,19,0.7,0.22,0.07,55,0.421052632,4.106,4.105,2.04,0.62,0.44,6.9,2.1,1.5,3.4,3.4,3.4,2.2,0.7,0.5,1.1,1.1,1.1,31484.75,0.16
Nam Nao,Indomalayan,27,7,26,20,0.74,0.22,0.04,53,29,9,28,20,0.69,0.28,0.03,60,0.45,4.069,4.187,2.07,0.67,0.52,6.7,2.2,1.7,3.2,3.3,3.3,2.1,0.7,0.5,1,1,1,28027.92,0.13
Namdapha,Indomalayan,34,10,31,24,0.71,0.21,0.09,70,37,11,34,26,0.7,0.22,0.08,82,0.423076923,4.108,4.178,2.22,0.66,0.59,7.5,2.2,2,3.4,3.3,3.4,2.4,0.7,0.6,1.1,1.1,1,28632.66,0.17
Nameri,Indomalayan,26,9,23,17,0.65,0.23,0.12,59,27,9,24,18,0.67,0.22,0.11,62,0.5,4.186,4.294,2.3,0.69,0.54,6.9,2.1,1.6,3,3,3,2.6,0.8,0.6,1.1,1.2,1.1,31835.92,0.24
Ngoc Son Ngo Luong,Indomalayan,21,6,19,15,0.71,0.19,0.1,38,24,8,22,16,0.67,0.25,0.08,47,0.5,4.109,4.077,1.96,0.67,0.52,5.9,2,1.6,3,3,3.1,2.1,0.7,0.6,1.1,1,1.2,28653.81,0.11
Nilgiri,Indomalayan,28,7,26,21,0.75,0.18,0.07,69,32,8,30,24,0.75,0.19,0.06,78,0.333333333,4.213,4.161,2.44,0.72,0.71,9.8,2.9,2.8,4,4,3.9,2.6,0.8,0.8,1.1,1.1,1.1,34544.91,0.22
Omkoi,Indomalayan,28,7,27,21,0.75,0.21,0.04,47,31,8,30,23,0.74,0.23,0.03,56,0.347826087,4.053,4.208,1.81,0.61,0.47,7,2.4,1.8,3.9,3.9,3.8,1.9,0.6,0.5,1,1,1.1,25839.96,0.11
Orang,Indomalayan,27,7,26,20,0.74,0.22,0.04,61,28,7,27,21,0.75,0.21,0.04,64,0.333333333,4.193,4.288,2.29,0.7,0.68,9.1,2.8,2.7,4,4,4,2.4,0.7,0.7,1,1,1,37668.69,0.26
Palamau,Indomalayan,29,10,28,19,0.66,0.31,0.03,89,29,10,28,19,0.66,0.31,0.03,90,0.526315789,4.183,4.271,3.1,0.84,0.99,9,2.4,2.9,2.9,2.9,2.9,3.2,0.9,1,1,1.1,1,35040.22,0.23
Pang Sida,Indomalayan,25,6,23,19,0.76,0.16,0.08,44,27,7,25,20,0.74,0.19,0.07,50,0.35,4.202,4.231,1.85,0.6,0.39,7.1,2.3,1.5,3.8,3.8,3.8,2,0.6,0.4,1.1,1,1,32917.36,0.17
Pasoh,Indomalayan,17,4,15,13,0.76,0.12,0.12,19,20,4,18,16,0.8,0.1,0.1,23,0.25,4.026,4.023,1.15,0.31,0.21,5.8,1.5,1,5,4.8,4.8,1.3,0.3,0.2,1.1,1,1,25612.82,0.1
Pench,Indomalayan,28,9,27,19,0.68,0.29,0.04,83,29,9,28,20,0.69,0.28,0.03,88,0.45,4.263,4.191,3.03,0.81,0.98,9.8,2.6,3.2,3.2,3.2,3.3,3.1,0.8,1,1,1,1,38701.61,0.29
Periyar,Indomalayan,27,7,26,20,0.74,0.22,0.04,61,29,7,28,22,0.76,0.21,0.03,65,0.318181818,4.166,4.157,2.24,0.71,0.61,9.3,2.9,2.5,4.2,4.1,4.1,2.3,0.7,0.6,1,1,1,34825.54,0.19
Phou Hin Poun,Indomalayan,21,6,19,15,0.71,0.19,0.1,32,24,7,22,17,0.71,0.21,0.08,37,0.411764706,3.922,4.202,1.54,0.45,0.36,5.3,1.5,1.2,3.4,3.3,3.3,1.7,0.5,0.4,1.1,1.1,1.1,25526.87,0.15
Phou Khao Khouay,Indomalayan,24,6,22,18,0.75,0.17,0.08,46,27,7,25,20,0.74,0.19,0.07,53,0.35,4.208,4.242,1.96,0.64,0.46,7.6,2.5,1.8,3.9,3.9,3.9,2.1,0.7,0.5,1.1,1.1,1.1,34884.8,0.19
Phou Xang He,Indomalayan,25,7,23,18,0.72,0.2,0.08,45,27,8,25,19,0.7,0.22,0.07,51,0.421052632,4.106,4.286,1.89,0.63,0.34,6.4,2.1,1.1,3.4,3.3,3.2,2,0.7,0.4,1.1,1.1,1.2,31484.75,0.16
Phu Hin Rong Kla,Indomalayan,19,6,16,13,0.68,0.16,0.16,31,23,8,19,15,0.65,0.17,0.17,37,0.533333333,3.975,4.029,1.61,0.43,0.39,4.6,1.2,1.1,2.9,2.8,2.8,1.9,0.5,0.5,1.2,1.2,1.3,22486.38,0.1
Phu Khiao,Indomalayan,30,8,28,22,0.73,0.2,0.07,59,33,10,31,23,0.7,0.24,0.06,67,0.434782609,4.091,4.138,2.03,0.63,0.52,6.7,2.1,1.7,3.3,3.3,3.3,2.2,0.7,0.6,1.1,1.1,1.2,26232.96,0.13
Phu Luang,Indomalayan,27,7,25,20,0.74,0.19,0.07,52,30,9,28,21,0.7,0.23,0.07,60,0.428571429,4.101,4.181,2,0.63,0.46,6.7,2.1,1.5,3.4,3.3,3.3,2.1,0.7,0.5,1,1.1,1.1,28074.01,0.12
Phu Phan,Indomalayan,16,5,14,11,0.69,0.19,0.12,20,18,6,16,12,0.67,0.22,0.11,24,0.5,3.876,4.156,1.33,0.38,0.33,4,1.1,1,3,2.9,3,1.5,0.4,0.4,1.1,1.1,1.2,22192.75,0.12
Rajaji,Indomalayan,25,8,23,17,0.68,0.24,0.08,60,25,8,23,17,0.68,0.24,0.08,61,0.470588235,4.213,4.272,2.44,0.75,0.75,7.6,2.4,2.4,3.1,3.2,3.2,2.7,0.8,0.8,1.1,1.1,1.1,34544.91,0.22
Sagarmatha,Indomalayan,20,7,18,13,0.65,0.25,0.1,40,21,8,19,13,0.62,0.29,0.1,43,0.615384615,4.036,4.095,2.05,0.18,0.45,5.4,0.5,1.2,2.6,2.8,2.7,2.3,0.2,0.5,1.1,1.1,1.1,21689.72,0.2
Sai Yok,Indomalayan,28,9,27,19,0.68,0.29,0.04,55,32,9,31,23,0.72,0.25,0.03,65,0.391304348,4.069,4.123,2.03,0.66,0.53,7.2,2.4,1.9,3.5,3.6,3.6,2.1,0.7,0.6,1,1.1,1.1,28027.92,0.13
Sakaerat,Indomalayan,24,7,23,17,0.71,0.25,0.04,49,25,8,24,17,0.68,0.28,0.04,54,0.470588235,4.07,4.312,2.16,0.72,0.47,6.8,2.2,1.5,3.1,3.1,3.2,2.2,0.7,0.5,1,1,1.1,31432.9,0.17
Salawin,Indomalayan,29,8,28,21,0.72,0.24,0.03,56,31,9,30,22,0.71,0.26,0.03,64,0.409090909,4.069,4.161,2.06,0.67,0.58,7.1,2.3,2,3.4,3.4,3.4,2.1,0.7,0.6,1,1,1,28027.92,0.13
Sanjay Gandhi,Indomalayan,23,7,21,16,0.7,0.22,0.09,54,24,7,22,17,0.71,0.21,0.08,58,0.411764706,4.243,4.071,2.42,0.63,0.68,8.3,2.1,2.3,3.4,3.3,3.4,2.6,0.7,0.7,1.1,1.1,1,35818.53,0.25
Simlipal,Indomalayan,29,10,28,19,0.66,0.31,0.03,87,29,10,28,19,0.66,0.31,0.03,88,0.526315789,4.183,4.168,3.03,0.8,0.99,8.8,2.3,2.9,2.9,2.9,2.9,3.1,0.8,1,1,1,1,35040.22,0.23
Sinharaja,Indomalayan,15,3,13,12,0.8,0.07,0.13,22,17,4,15,13,0.76,0.12,0.12,24,0.307692308,4.066,4.158,1.41,0.37,0.43,6,1.6,1.8,4.3,4.3,4.2,1.6,0.4,0.5,1.1,1.1,1.2,26681.55,0.15
Sundarbans,Indomalayan,24,7,22,17,0.71,0.21,0.08,49,25,7,23,18,0.72,0.2,0.08,51,0.388888889,4.169,4.392,2.04,0.65,0.58,7.3,2.3,2.1,3.6,3.5,3.6,2.2,0.7,0.6,1.1,1.1,1,32987.62,0.23
Sungai Lalang,Indomalayan,20,5,18,15,0.75,0.15,0.1,27,24,5,22,19,0.79,0.12,0.08,32,0.263157895,4.243,3.931,1.33,0.39,0.29,6.4,1.9,1.4,4.8,4.9,4.8,1.5,0.4,0.3,1.1,1,1,35045.28,0.14
Tadoba Andhari,Indomalayan,28,9,25,19,0.68,0.21,0.11,76,30,10,27,20,0.67,0.23,0.1,82,0.5,4.145,4.132,2.73,0.73,0.85,8.2,2.2,2.6,3,3,3.1,3,0.8,0.9,1.1,1.1,1.1,30071.06,0.2
Tam Dao,Indomalayan,21,6,19,15,0.71,0.19,0.1,39,22,7,20,15,0.68,0.23,0.09,44,0.466666667,4.116,4.077,2,0.64,0.44,6.3,2,1.4,3.1,3.1,3.2,2.2,0.7,0.5,1.1,1.1,1.1,32634.63,0.14
Taman Negara,Indomalayan,26,7,24,19,0.73,0.19,0.08,43,29,8,27,21,0.72,0.21,0.07,49,0.380952381,4.109,4.133,1.69,0.56,0.34,6.1,2,1.2,3.6,3.6,3.5,1.8,0.6,0.4,1.1,1.1,1.2,28653.81,0.11
Tamanthi,Indomalayan,28,9,26,19,0.68,0.25,0.07,57,32,9,30,23,0.72,0.22,0.06,66,0.391304348,4.095,4.229,2.06,0.65,0.54,7.3,2.3,1.9,3.5,3.5,3.5,2.2,0.7,0.6,1.1,1.1,1.1,29060.17,0.17
Tansa,Indomalayan,23,7,21,16,0.7,0.22,0.09,53,24,7,22,17,0.71,0.21,0.08,57,0.411764706,4.243,4.035,2.38,0.61,0.66,8.1,2.1,2.3,3.4,3.4,3.5,2.6,0.7,0.7,1.1,1.1,1.1,35818.53,0.25
Taranga Hill,Indomalayan,17,5,15,12,0.71,0.18,0.12,33,18,5,16,13,0.72,0.17,0.11,35,0.384615385,4.194,4.099,1.94,0.44,0.61,7,1.6,2.2,3.6,3.6,3.6,2.2,0.5,0.7,1.1,1.1,1.1,31221.62,0.27
Tasek Bera,Indomalayan,17,4,16,13,0.76,0.18,0.06,24,19,4,18,15,0.79,0.16,0.05,26,0.266666667,4.231,4.084,1.37,0.49,0.32,6.5,2.3,1.5,4.7,4.7,4.7,1.4,0.5,0.3,1,1,0.9,41287.02,0.17
Thap Lan,Indomalayan,29,9,27,20,0.69,0.24,0.07,56,31,10,29,21,0.68,0.26,0.06,62,0.476190476,4.091,4.237,2,0.64,0.45,6.2,2,1.4,3.1,3.1,3.1,2.1,0.7,0.5,1,1.1,1.1,26232.96,0.13
Thung Yai Naresuan,Indomalayan,29,9,27,20,0.69,0.24,0.07,59,35,10,33,25,0.71,0.23,0.06,72,0.4,4.091,4.121,2.06,0.64,0.55,7.2,2.3,1.9,3.5,3.6,3.5,2.2,0.7,0.6,1.1,1.1,1.1,26232.96,0.13
Ton Nga Chang,Indomalayan,19,4,18,15,0.79,0.16,0.05,28,22,5,21,17,0.77,0.18,0.05,34,0.294117647,4.064,4.076,1.55,0.54,0.35,6.8,2.4,1.6,4.4,4.4,4.6,1.6,0.6,0.4,1,1.1,1.1,34566.49,0.12
Ulu Muda,Indomalayan,24,6,22,18,0.75,0.17,0.08,34,27,7,25,20,0.74,0.19,0.07,40,0.35,4.096,4.097,1.48,0.49,0.33,5.7,1.9,1.3,3.9,3.9,3.9,1.6,0.5,0.4,1.1,1,1.2,26242.7,0.08
Umphang,Indomalayan,29,9,27,20,0.69,0.24,0.07,56,34,10,32,24,0.71,0.24,0.06,67,0.416666667,4.091,4.11,1.97,0.6,0.51,6.7,2,1.7,3.4,3.3,3.3,2.1,0.6,0.5,1.1,1,1,26232.96,0.13
Way Kambas,Indomalayan,17,4,15,13,0.76,0.12,0.12,21,19,5,17,14,0.74,0.16,0.11,23,0.357142857,4.255,4.126,1.21,0.33,0.22,4.6,1.3,0.8,3.8,3.9,3.6,1.4,0.4,0.2,1.2,1.2,0.9,30203.92,0.12
Wilpattu_,Indomalayan,17,3,16,14,0.82,0.12,0.06,24,19,3,18,16,0.84,0.11,0.05,26,0.1875,4.255,4.206,1.37,0.41,0.48,8.7,2.6,3,6.4,6.3,6.2,1.4,0.4,0.5,1,1,1,33845.98,0.22
Xe Pian,Indomalayan,22,6,21,16,0.73,0.23,0.05,38,23,7,22,16,0.7,0.26,0.04,43,0.4375,4.164,4.305,1.87,0.69,0.4,6.1,2.3,1.3,3.3,3.3,3.2,2,0.7,0.4,1.1,1,1,34357.16,0.16
Xishuangbanna,Indomalayan,28,9,26,19,0.68,0.25,0.07,52,32,10,30,22,0.69,0.25,0.06,62,0.454545455,4.053,4.12,1.94,0.62,0.43,6.2,2,1.4,3.2,3.2,3.3,2.1,0.7,0.5,1.1,1.1,1.2,26088.37,0.13
Aguas Emendadas,Neotropic,31,8,25,23,0.74,0.06,0.19,55,32,8,26,24,0.75,0.06,0.19,62,0.333333333,3.9,3.77,1.94,0.52,0.78,7.8,2.1,3.1,4,4,4,2.4,0.6,1,1.2,1.2,1.3,34044.51,0.2
Alto Rio Negro,Neotropic,26,8,20,18,0.69,0.08,0.23,53,32,8,26,24,0.75,0.06,0.19,70,0.333333333,3.939,3.763,2.19,0.74,0.94,8.8,2.9,3.7,4,3.9,3.9,2.7,0.9,1.2,1.2,1.2,1.3,40753.64,0.18
Amadeu Botelho,Neotropic,34,7,29,27,0.79,0.06,0.15,59,34,7,29,27,0.79,0.06,0.15,65,0.259259259,3.978,3.747,1.91,0.56,0.79,9.3,2.7,3.8,4.9,4.8,4.8,2.2,0.7,0.9,1.2,1.2,1.1,37746.71,0.17
Amazonia,Neotropic,29,9,23,20,0.69,0.1,0.21,67,35,9,29,26,0.74,0.09,0.17,80,0.346153846,3.903,3.689,2.29,0.74,0.87,8.9,2.9,3.4,3.9,3.9,3.9,2.8,0.9,1,1.2,1.2,1.1,37013.01,0.19
Anavilhanas,Neotropic,29,8,23,21,0.72,0.07,0.21,62,32,8,26,24,0.75,0.06,0.19,70,0.333333333,3.939,3.736,2.19,0.71,0.85,8.8,2.9,3.4,4,4.1,4,2.7,0.9,1,1.2,1.3,1.2,40753.64,0.18
Atasta,Neotropic,26,8,22,18,0.69,0.15,0.15,69,26,8,22,18,0.69,0.15,0.15,69,0.444444444,4.025,3.602,2.65,0.75,1,8.6,2.4,3.2,3.2,3.2,3.2,3.1,0.9,1.2,1.2,1.2,1.2,40745.78,0.19
Bahuaja-Sonene,Neotropic,27,8,21,19,0.7,0.07,0.22,62,34,8,28,26,0.76,0.06,0.18,80,0.307692308,3.97,3.735,2.35,0.77,0.87,10,3.3,3.7,4.3,4.3,4.3,2.9,0.9,1.1,1.2,1.2,1.3,38933.51,0.21
Balbina Reservoir,Neotropic,28,8,22,20,0.71,0.07,0.21,61,34,8,28,26,0.76,0.06,0.18,73,0.307692308,3.939,3.738,2.15,0.69,0.77,9.1,2.9,3.3,4.2,4.2,4.3,2.6,0.8,0.9,1.2,1.2,1.2,40753.64,0.18
Balta,Neotropic,27,9,21,18,0.67,0.11,0.22,62,34,9,28,25,0.74,0.09,0.18,80,0.36,3.903,3.722,2.35,0.78,0.94,8.9,2.9,3.6,3.8,3.7,3.8,2.9,0.9,1.1,1.2,1.2,1.2,37013.01,0.19
Barro Colorado,Neotropic,27,8,22,19,0.7,0.11,0.19,63,28,8,23,20,0.71,0.11,0.18,66,0.4,3.972,3.667,2.36,0.82,1.02,8.2,2.9,3.6,3.5,3.5,3.5,2.9,1,1.2,1.2,1.2,1.2,40623.5,0.18
Beni,Neotropic,33,10,26,23,0.7,0.09,0.21,81,36,10,29,26,0.72,0.08,0.19,90,0.384615385,3.947,3.748,2.5,0.74,0.9,9,2.7,3.2,3.6,3.6,3.6,3.1,0.9,1.1,1.2,1.2,1.2,38876.43,0.19
Bladen,Neotropic,26,9,22,17,0.65,0.19,0.15,63,26,9,22,17,0.65,0.19,0.15,63,0.529411765,3.925,3.619,2.42,0.79,0.88,7,2.3,2.6,2.9,2.9,3,2.9,0.9,1,1.2,1.1,1.1,35811.06,0.14
Bosque Mbaracayu,Neotropic,33,8,27,25,0.76,0.06,0.18,69,34,8,28,26,0.76,0.06,0.18,82,0.307692308,4.094,3.84,2.41,0.73,0.88,10.2,3.1,3.7,4.2,4.2,4.2,2.9,0.9,1.1,1.2,1.2,1.2,44873.27,0.19
Bosques Petrificados,Neotropic,10,5,9,5,0.5,0.4,0.1,22,10,5,9,5,0.5,0.4,0.1,22,1,3.8,3.913,2.2,0.46,0.71,4.4,0.9,1.4,2,2,2,2.4,0.5,0.8,1.1,1.1,1.1,35525.21,0.2
Brasilia National 1,Neotropic,29,7,24,22,0.76,0.07,0.17,50,30,7,25,23,0.77,0.07,0.17,56,0.304347826,3.917,3.777,1.87,0.52,0.73,8,2.2,3.1,4.3,4.2,4.2,2.2,0.6,0.9,1.2,1.2,1.2,35428.65,0.23
Buenaventura,Neotropic,15,4,13,11,0.73,0.13,0.13,26,18,4,16,14,0.78,0.11,0.11,31,0.285714286,4.165,3.698,1.72,0.56,0.62,7.8,2.5,2.8,4.5,4.5,4.5,1.9,0.6,0.7,1.1,1.1,1.1,50770.03,0.23
Canaima,Neotropic,27,8,21,19,0.7,0.07,0.22,58,31,8,25,23,0.74,0.06,0.19,68,0.347826087,3.939,3.808,2.19,0.71,0.81,8.5,2.8,3.2,3.9,3.9,4,2.7,0.9,1,1.2,1.3,1.2,40753.64,0.18
Cantao,Neotropic,29,10,22,19,0.66,0.1,0.24,68,31,10,24,21,0.68,0.1,0.23,76,0.476190476,3.947,3.863,2.45,0.75,0.98,7.6,2.3,3,3.1,3.1,3.1,3.2,1,1.3,1.3,1.3,1.3,38876.43,0.19
Caraca,Neotropic,33,8,27,25,0.76,0.06,0.18,73,33,8,27,25,0.76,0.06,0.18,81,0.32,4.094,3.793,2.45,0.78,1.01,10.1,3.2,4.2,4.1,4.1,4.2,3,0.9,1.2,1.2,1.2,1.2,44873.27,0.19
Carajas Forest,Neotropic,30,9,24,21,0.7,0.1,0.2,66,31,9,25,22,0.71,0.1,0.19,74,0.409090909,3.903,3.784,2.39,0.78,0.98,8.2,2.7,3.4,3.4,3.5,3.5,3,1,1.2,1.3,1.3,1.2,37013.01,0.19
Cayambe Coca,Neotropic,26,8,21,18,0.69,0.12,0.19,53,30,8,25,22,0.73,0.1,0.17,68,0.363636364,4.25,3.796,2.27,0.75,0.78,8.5,2.8,2.9,3.7,3.7,3.7,2.7,0.9,0.9,1.2,1.2,1.2,46237.14,0.14
Celaque,Neotropic,23,6,20,17,0.74,0.13,0.13,39,24,7,21,17,0.71,0.17,0.12,41,0.411764706,3.832,3.646,1.71,0.45,0.64,5.9,1.5,2.2,3.5,3.3,3.4,2,0.5,0.7,1.2,1.1,1.1,26919.24,0.1
Cerro Cora,Neotropic,32,9,25,23,0.72,0.06,0.22,70,33,9,26,24,0.73,0.06,0.21,81,0.375,4.047,3.825,2.45,0.7,0.9,9,2.6,3.3,3.7,3.7,3.7,3.1,0.9,1.1,1.3,1.3,1.2,41240.53,0.16
Chandless,Neotropic,27,9,21,18,0.67,0.11,0.22,62,34,9,28,25,0.74,0.09,0.18,80,0.36,3.903,3.722,2.35,0.78,0.94,8.9,2.9,3.6,3.8,3.7,3.8,2.9,0.9,1.1,1.2,1.2,1.2,37013.01,0.19
Chekubul,Neotropic,26,8,22,18,0.69,0.15,0.15,69,26,8,22,18,0.69,0.15,0.15,69,0.444444444,4.025,3.602,2.65,0.75,1,8.6,2.4,3.2,3.2,3.2,3.2,3.1,0.9,1.2,1.2,1.2,1.2,40745.78,0.19
Chenkan,Neotropic,27,8,23,19,0.7,0.15,0.15,71,27,8,23,19,0.7,0.15,0.15,71,0.421052632,4.025,3.641,2.63,0.75,0.96,8.9,2.5,3.2,3.4,3.3,3.3,3.1,0.9,1.1,1.2,1.2,1.1,40745.78,0.19
Chiquibul,Neotropic,26,9,22,17,0.65,0.19,0.15,63,26,9,22,17,0.65,0.19,0.15,63,0.529411765,3.925,3.619,2.42,0.79,0.88,7,2.3,2.6,2.9,2.9,3,2.9,0.9,1,1.2,1.1,1.1,35811.06,0.14
Cocha Cashu,Neotropic,27,9,21,18,0.67,0.11,0.22,62,33,9,27,24,0.73,0.09,0.18,76,0.375,3.903,3.728,2.3,0.76,0.88,8.4,2.8,3.2,3.7,3.7,3.6,2.8,0.9,1.1,1.2,1.2,1.2,37013.01,0.19
Cockscomb,Neotropic,25,7,21,18,0.72,0.12,0.16,58,25,7,21,18,0.72,0.12,0.16,58,0.388888889,4.022,3.649,2.32,0.75,0.9,8.3,2.7,3.2,3.6,3.6,3.6,2.8,0.9,1.1,1.2,1.2,1.2,43738.38,0.17
Columbia River Forest,Neotropic,25,7,21,18,0.72,0.12,0.16,58,25,7,21,18,0.72,0.12,0.16,58,0.388888889,4.022,3.649,2.32,0.75,0.9,8.3,2.7,3.2,3.6,3.6,3.6,2.8,0.9,1.1,1.2,1.2,1.2,43738.38,0.17
Corcovado,Neotropic,29,7,25,22,0.76,0.1,0.14,65,30,7,26,23,0.77,0.1,0.13,68,0.304347826,4.022,3.672,2.27,0.78,1,9.7,3.4,4.3,4.3,4.4,4.3,2.6,0.9,1.2,1.1,1.2,1.2,43738.38,0.17
Cordillera Central,Neotropic,31,9,26,22,0.71,0.13,0.16,75,33,11,28,22,0.67,0.18,0.15,84,0.5,3.884,3.611,2.55,0.79,1.04,7.6,2.4,3.1,3,3,3,3,0.9,1.2,1.2,1.1,1.2,31838.75,0.16
Cuzco Amazonico,Neotropic,27,9,21,18,0.67,0.11,0.22,62,33,9,27,24,0.73,0.09,0.18,76,0.375,3.903,3.728,2.3,0.76,0.88,8.4,2.8,3.2,3.7,3.7,3.6,2.8,0.9,1.1,1.2,1.2,1.2,37013.01,0.19
Darien,Neotropic,26,8,21,18,0.69,0.12,0.19,61,28,8,23,20,0.71,0.11,0.18,65,0.4,3.972,3.712,2.32,0.81,0.95,8.1,2.8,3.3,3.5,3.5,3.5,2.8,1,1.2,1.2,1.2,1.3,40623.5,0.18
Defensores del Chaco,Neotropic,26,7,22,19,0.73,0.12,0.15,51,27,8,22,19,0.7,0.11,0.19,57,0.421052632,3.918,3.793,2.11,0.71,0.8,7.1,2.4,2.7,3.4,3.4,3.4,2.6,0.9,1,1.2,1.3,1.2,38778.32,0.12
East Centla,Neotropic,26,8,22,18,0.69,0.15,0.15,69,26,8,22,18,0.69,0.15,0.15,69,0.444444444,4.025,3.602,2.65,0.75,1,8.6,2.4,3.2,3.2,3.2,3.2,3.1,0.9,1.2,1.2,1.2,1.2,40745.78,0.19
El Palmar,Neotropic,15,4,12,11,0.73,0.07,0.2,19,16,5,12,11,0.69,0.06,0.25,21,0.454545455,4.029,3.871,1.31,0.39,0.43,4.2,1.2,1.4,3.2,3.1,3.3,1.8,0.5,0.6,1.4,1.3,1.4,40890.36,0.11
El Rey,Neotropic,25,7,21,18,0.72,0.12,0.16,38,26,8,21,18,0.69,0.12,0.19,42,0.444444444,3.824,3.758,1.62,0.53,0.59,5.2,1.7,1.9,3.2,3.2,3.2,2,0.7,0.7,1.2,1.3,1.2,28415.06,0.13
Estacao Ecologica do Panga,Neotropic,30,6,26,24,0.8,0.07,0.13,50,31,6,27,25,0.81,0.06,0.13,58,0.24,4.011,3.746,1.87,0.55,0.76,9.7,2.8,3.9,5.2,5.1,5.1,2.1,0.6,0.9,1.1,1.1,1.2,39978.57,0.18
Estancia Guaycolec,Neotropic,26,7,21,19,0.73,0.08,0.19,45,26,7,21,19,0.73,0.08,0.19,49,0.368421053,3.969,3.794,1.88,0.55,0.62,7,2,2.3,3.7,3.6,3.7,2.3,0.7,0.8,1.2,1.3,1.3,37622.15,0.11
Estancia Sombrero,Neotropic,30,8,24,22,0.73,0.07,0.2,65,31,8,25,23,0.74,0.06,0.19,73,0.347826087,4.081,3.861,2.35,0.73,0.9,9.1,2.8,3.5,3.9,3.8,3.9,2.9,0.9,1.1,1.2,1.2,1.2,43351.15,0.17
Fazenda Cauaia,Neotropic,33,8,27,25,0.76,0.06,0.18,73,33,8,27,25,0.76,0.06,0.18,83,0.32,4.094,3.756,2.52,0.75,0.99,10.4,3.1,4.1,4.1,4.1,4.1,3.1,0.9,1.2,1.2,1.2,1.2,44873.27,0.19
Furna Feia,Neotropic,21,5,16,16,0.76,0,0.24,29,23,5,18,18,0.78,0,0.22,39,0.277777778,3.853,3.653,1.7,0.52,0.63,7.8,2.4,2.9,4.6,4.6,4.6,2.2,0.7,0.8,1.3,1.3,1.3,39574.31,0.19
Huascaran,Neotropic,10,5,7,5,0.5,0.2,0.3,13,11,5,8,6,0.55,0.18,0.27,14,0.833333333,4.039,3.882,1.27,0.49,0.28,2.8,1.1,0.6,2.2,2.2,2.1,1.8,0.7,0.4,1.4,1.4,1.4,38906.69,0.22
Iguazu,Neotropic,36,8,30,28,0.78,0.06,0.17,76,36,8,30,28,0.78,0.06,0.17,87,0.285714286,4.094,3.798,2.42,0.72,0.87,10.9,3.2,3.9,4.5,4.4,4.5,2.9,0.9,1,1.2,1.2,1.1,44873.27,0.19
Itabo,Neotropic,28,7,23,21,0.75,0.07,0.18,56,29,7,24,22,0.76,0.07,0.17,69,0.318181818,4.058,3.83,2.38,0.8,0.81,9.9,3.3,3.4,4.2,4.1,4.2,2.9,1,1,1.2,1.2,1.2,43334.14,0.18
Iwokrama,Neotropic,28,8,22,20,0.71,0.07,0.21,61,34,8,28,26,0.76,0.06,0.18,73,0.307692308,3.939,3.748,2.15,0.69,0.77,9.1,2.9,3.3,4.2,4.2,4.3,2.6,0.8,0.9,1.2,1.2,1.2,40753.64,0.18
Jaguas,Neotropic,24,7,20,17,0.71,0.12,0.17,51,27,7,23,20,0.74,0.11,0.15,59,0.35,4.036,3.73,2.19,0.78,0.9,8.4,3,3.5,3.8,3.8,3.9,2.6,0.9,1.1,1.2,1.2,1.2,41173.47,0.16
Karen Mogensen,Neotropic,25,7,21,18,0.72,0.12,0.16,50,26,7,22,19,0.73,0.12,0.15,52,0.368421053,3.898,3.697,2,0.56,0.82,7.4,2.1,3,3.7,3.8,3.7,2.4,0.7,1,1.2,1.2,1.2,33029.58,0.17
Kartabo,Neotropic,29,9,23,20,0.69,0.1,0.21,67,34,9,28,25,0.74,0.09,0.18,78,0.36,3.903,3.744,2.29,0.74,0.79,8.7,2.8,3,3.8,3.8,3.8,2.8,0.9,1,1.2,1.2,1.3,37013.01,0.19
La Amistad,Neotropic,29,10,24,19,0.66,0.17,0.17,67,30,10,25,20,0.67,0.17,0.17,69,0.5,3.868,3.655,2.3,0.76,0.87,6.9,2.3,2.6,3,3,3,2.8,0.9,1,1.2,1.2,1.1,33042.86,0.15
La Selva,Neotropic,31,10,27,21,0.68,0.19,0.13,80,32,10,28,22,0.69,0.19,0.12,83,0.454545455,3.937,3.654,2.59,0.82,1.06,8.3,2.6,3.4,3.2,3.2,3.2,3,0.9,1.2,1.2,1.1,1.1,34209.71,0.15
La Sepultura,Neotropic,26,7,22,19,0.73,0.12,0.15,69,26,8,22,18,0.69,0.15,0.15,70,0.444444444,4.048,3.596,2.69,0.77,1,8.8,2.5,3.3,3.3,3.2,3.3,3.2,0.9,1.2,1.2,1.2,1.2,39170.01,0.16
Lago Puelo,Neotropic,9,4,9,5,0.56,0.44,0,16,9,4,9,5,0.56,0.44,0,17,0.8,3.849,3.791,1.89,0.53,0.66,4.2,1.2,1.5,2.2,2.3,2.3,1.9,0.5,0.7,1,0.9,1.1,41764.08,0.14
Laguna Blanca,Neotropic,12,6,10,6,0.5,0.33,0.17,25,12,6,10,6,0.5,0.33,0.17,25,1,3.745,3.804,2.08,0.5,0.63,4.2,1,1.3,2,2,2.1,2.5,0.6,0.8,1.2,1.2,1.3,29918.44,0.15
Laguna de los Pozuelos,Neotropic,7,4,3,3,0.43,0,0.57,7,8,5,3,3,0.38,0,0.62,8,1.666666667,4.001,3.732,1,0.33,0.28,1.6,0.5,0.4,1.6,1.5,1.4,2.7,0.9,0.7,2.7,2.7,2.5,30772.59,0.17
Laguna del Tigre,Neotropic,25,9,21,16,0.64,0.2,0.16,61,25,9,21,16,0.64,0.2,0.16,61,0.5625,3.925,3.577,2.44,0.79,0.92,6.8,2.2,2.6,2.8,2.8,2.8,2.9,0.9,1.1,1.2,1.1,1.2,35811.06,0.14
Lanin,Neotropic,13,6,11,7,0.54,0.31,0.15,24,13,6,11,7,0.54,0.31,0.15,25,0.857142857,3.745,3.882,1.92,0.52,0.67,4.2,1.1,1.5,2.2,2.1,2.2,2.3,0.6,0.8,1.2,1.2,1.2,29918.44,0.15
Lauca,Neotropic,9,4,7,5,0.56,0.22,0.22,12,9,4,7,5,0.56,0.22,0.22,12,0.8,4.044,4.032,1.33,0.53,0.34,3,1.2,0.8,2.3,2.3,2.4,1.7,0.7,0.4,1.3,1.3,1.2,35679.54,0.23
Los Alerces,Neotropic,10,4,9,6,0.6,0.3,0.1,18,10,4,9,6,0.6,0.3,0.1,19,0.666666667,4,3.948,1.9,0.46,0.4,4.8,1.2,1,2.5,2.6,2.5,2.1,0.5,0.4,1.1,1.1,1,42466.65,0.17
Los Amigos,Neotropic,28,9,22,19,0.68,0.11,0.21,65,32,9,26,23,0.72,0.09,0.19,76,0.391304348,3.903,3.789,2.38,0.77,0.87,8.4,2.7,3.1,3.5,3.5,3.6,2.9,0.9,1.1,1.2,1.2,1.3,37013.01,0.19
Los Glaciares,Neotropic,8,5,7,3,0.38,0.5,0.12,16,8,5,7,3,0.38,0.5,0.12,16,1.666666667,3.8,3.992,2,0.43,0.7,3.2,0.7,1.1,1.6,1.6,1.6,2.3,0.5,0.8,1.1,1.2,1.1,35525.21,0.2
Lower Arataye,Neotropic,29,9,23,20,0.69,0.1,0.21,67,34,9,28,25,0.74,0.09,0.18,78,0.36,3.903,3.734,2.29,0.73,0.79,8.7,2.8,3,3.8,3.8,3.8,2.8,0.9,1,1.2,1.2,1.3,37013.01,0.19
Madidi,Neotropic,29,9,25,20,0.69,0.17,0.14,73,33,9,29,24,0.73,0.15,0.12,80,0.375,4.043,3.741,2.42,0.76,0.97,8.9,2.8,3.6,3.7,3.7,3.7,2.8,0.9,1.1,1.2,1.2,1.1,44811.78,0.2
Mamirau_,Neotropic,27,8,21,19,0.7,0.07,0.22,56,32,8,26,24,0.75,0.06,0.19,71,0.333333333,3.939,3.72,2.22,0.72,0.9,8.9,2.9,3.6,4,4,4,2.7,0.9,1.1,1.2,1.2,1.2,40753.64,0.18
Manu,Neotropic,28,9,22,19,0.68,0.11,0.21,65,35,9,29,26,0.74,0.09,0.17,84,0.346153846,3.903,3.767,2.4,0.77,0.86,9.3,3,3.3,3.9,3.9,3.8,2.9,0.9,1,1.2,1.2,1.2,37013.01,0.19
Maraca,Neotropic,27,8,21,19,0.7,0.07,0.22,62,31,8,25,23,0.74,0.06,0.19,73,0.347826087,3.97,3.787,2.35,0.76,0.8,9.1,2.9,3.1,3.9,3.8,3.9,2.9,0.9,1,1.2,1.2,1.2,38933.51,0.21
Mata Atlantica,Neotropic,29,7,24,22,0.76,0.07,0.17,50,30,7,25,23,0.77,0.07,0.17,56,0.304347826,3.978,3.782,1.87,0.53,0.76,8,2.3,3.3,4.3,4.3,4.3,2.2,0.6,0.9,1.2,1.1,1.2,37746.71,0.17
Matao de Cosmopolis,Neotropic,32,7,27,25,0.78,0.06,0.16,56,32,7,27,25,0.78,0.06,0.16,63,0.28,3.978,3.693,1.97,0.57,0.8,9,2.6,3.7,4.6,4.6,4.6,2.3,0.7,1,1.2,1.2,1.2,37746.71,0.17
Maya,Neotropic,26,9,22,17,0.65,0.19,0.15,63,26,9,22,17,0.65,0.19,0.15,63,0.529411765,3.925,3.619,2.42,0.79,0.88,7,2.3,2.6,2.9,2.9,3,2.9,0.9,1,1.2,1.1,1.1,35811.06,0.14
Mburucuya,Neotropic,20,4,17,16,0.8,0.05,0.15,29,21,5,17,16,0.76,0.05,0.19,31,0.3125,4.029,3.856,1.48,0.41,0.56,6.2,1.7,2.4,4.2,4.1,4.3,1.8,0.5,0.7,1.2,1.2,1.2,40890.36,0.11
MCSE Reserves,Neotropic,27,8,21,19,0.7,0.07,0.22,58,33,8,27,25,0.76,0.06,0.18,70,0.32,3.939,3.698,2.12,0.69,0.8,8.8,2.8,3.3,4.2,4.1,4.1,2.6,0.8,1,1.2,1.2,1.2,40753.64,0.18
Mestre Alvaro,Neotropic,28,7,23,21,0.75,0.07,0.18,50,29,7,24,22,0.76,0.07,0.17,55,0.318181818,3.978,3.684,1.9,0.59,0.85,7.9,2.4,3.5,4.2,4.1,4.1,2.3,0.7,1,1.2,1.2,1.2,37746.71,0.17
Montes Azules,Neotropic,27,10,23,17,0.63,0.22,0.15,68,27,10,23,17,0.63,0.22,0.15,68,0.588235294,3.937,3.612,2.52,0.76,0.94,6.8,2.1,2.5,2.7,2.8,2.7,3,0.9,1.1,1.2,1.2,1.2,34209.71,0.15
Morombi,Neotropic,32,8,26,24,0.75,0.06,0.19,68,33,8,27,25,0.76,0.06,0.18,81,0.32,4.094,3.845,2.45,0.75,0.87,10.1,3.1,3.6,4.1,4.1,4.1,3,0.9,1.1,1.2,1.2,1.3,44873.27,0.19
Nacunan,Neotropic,12,5,9,7,0.58,0.17,0.25,18,13,6,9,7,0.54,0.15,0.31,19,0.857142857,3.733,3.681,1.46,0.34,0.5,3.2,0.7,1.1,2.2,2.1,2.2,2.1,0.5,0.7,1.4,1.5,1.4,27855.64,0.18
Nahuel Huapi,Neotropic,13,5,12,8,0.62,0.31,0.08,27,13,5,12,8,0.62,0.31,0.08,28,0.625,3.8,3.823,2.15,0.49,0.65,5.6,1.3,1.7,2.6,2.7,2.6,2.3,0.5,0.7,1.1,1,1.1,35525.21,0.2
Noel Kempff Mercado,Neotropic,37,11,29,26,0.7,0.08,0.22,87,39,11,31,28,0.72,0.08,0.21,96,0.392857143,3.922,3.808,2.46,0.71,0.93,8.7,2.5,3.3,3.5,3.5,3.5,3.1,0.9,1.2,1.3,1.3,1.3,36449.35,0.17
Noroeste,Neotropic,16,5,12,11,0.69,0.06,0.25,33,18,5,14,13,0.72,0.06,0.22,39,0.384615385,4.215,3.699,2.17,0.81,0.92,7.8,2.9,3.3,3.6,3.6,3.6,2.8,1,1.2,1.3,1.2,1.3,53988.12,0.2
North Palizada,Neotropic,27,8,23,19,0.7,0.15,0.15,71,27,8,23,19,0.7,0.15,0.15,71,0.421052632,4.025,3.641,2.63,0.75,0.96,8.9,2.5,3.2,3.4,3.3,3.3,3.1,0.9,1.1,1.2,1.2,1.1,40745.78,0.19
Otishi,Neotropic,26,10,19,16,0.62,0.12,0.27,48,30,10,23,20,0.67,0.1,0.23,59,0.5,4.077,3.845,1.97,0.6,0.46,5.9,1.8,1.4,3,3,3,2.6,0.8,0.6,1.3,1.3,1.3,38186.57,0.12
Palo Verde,Neotropic,28,8,24,20,0.71,0.14,0.14,72,29,8,25,21,0.72,0.14,0.14,75,0.380952381,4.025,3.62,2.59,0.79,1.16,9.4,2.9,4.2,3.6,3.7,3.6,3,0.9,1.3,1.2,1.1,1.1,40745.78,0.19
Pantanal,Neotropic,31,8,25,23,0.74,0.06,0.19,69,32,8,26,24,0.75,0.06,0.19,76,0.333333333,4.094,3.826,2.38,0.72,0.94,9.5,2.9,3.7,4,4,3.9,2.9,0.9,1.2,1.2,1.2,1.3,44873.27,0.19
Paracou,Neotropic,29,9,23,20,0.69,0.1,0.21,67,34,9,28,25,0.74,0.09,0.18,78,0.36,3.903,3.734,2.29,0.73,0.79,8.7,2.8,3,3.8,3.8,3.8,2.8,0.9,1,1.2,1.2,1.3,37013.01,0.19
Payamino,Neotropic,26,8,20,18,0.69,0.08,0.23,52,31,8,25,23,0.74,0.06,0.19,66,0.347826087,3.946,3.702,2.13,0.7,0.72,8.2,2.7,2.8,3.8,3.9,3.9,2.6,0.9,0.9,1.2,1.3,1.2,40509.28,0.18
Perito Moreno,Neotropic,7,4,6,3,0.43,0.43,0.14,12,8,4,7,4,0.5,0.38,0.12,13,1,4,3.927,1.62,0.4,0.33,3.2,0.8,0.7,2,2,2.1,1.9,0.5,0.4,1.2,1.2,1.2,42466.65,0.17
Planada,Neotropic,24,6,22,18,0.75,0.17,0.08,45,27,6,25,21,0.78,0.15,0.07,50,0.285714286,3.961,3.656,1.85,0.61,0.65,8.3,2.7,2.9,4.5,4.4,4.5,2,0.7,0.7,1.1,1.1,1.1,38541.77,0.2
Punta Sal,Neotropic,28,7,24,21,0.75,0.11,0.14,73,29,7,25,22,0.76,0.1,0.14,76,0.318181818,4.119,3.694,2.62,0.8,1.01,10.9,3.3,4.2,4.2,4.1,4.2,3,0.9,1.2,1.1,1.1,1.2,43473.89,0.2
Quedas do Rio Bonito,Neotropic,29,7,24,22,0.76,0.07,0.17,52,29,7,24,22,0.76,0.07,0.17,57,0.318181818,3.978,3.727,1.97,0.59,0.83,8.1,2.4,3.4,4.1,4.1,4.1,2.4,0.7,1,1.2,1.2,1.2,37746.71,0.17
Rara Avis,Neotropic,31,10,27,21,0.68,0.19,0.13,80,32,10,28,22,0.69,0.19,0.12,83,0.454545455,3.937,3.654,2.59,0.82,1.06,8.3,2.6,3.4,3.2,3.2,3.2,3,0.9,1.2,1.2,1.1,1.1,34209.71,0.15
Raspaculo,Neotropic,25,7,21,18,0.72,0.12,0.16,58,25,7,21,18,0.72,0.12,0.16,58,0.388888889,4.022,3.649,2.32,0.75,0.9,8.3,2.7,3.2,3.6,3.6,3.6,2.8,0.9,1.1,1.2,1.2,1.2,43738.38,0.17
Rio Cunucunuma,Neotropic,26,8,20,18,0.69,0.08,0.23,55,32,8,26,24,0.75,0.06,0.19,71,0.333333333,3.939,3.806,2.22,0.72,0.91,8.9,2.9,3.6,4,4,4,2.7,0.9,1.1,1.2,1.2,1.2,40753.64,0.18
Rio Negro,Neotropic,34,10,27,24,0.71,0.09,0.21,78,34,10,27,24,0.71,0.09,0.21,84,0.416666667,3.947,3.811,2.47,0.71,0.92,8.4,2.4,3.1,3.4,3.4,3.4,3.1,0.9,1.2,1.3,1.3,1.3,39022.92,0.14
Rio Pilcomayo,Neotropic,28,7,23,21,0.75,0.07,0.18,60,29,8,23,21,0.72,0.07,0.21,65,0.380952381,4.087,3.834,2.24,0.68,0.79,8.1,2.5,2.9,3.6,3.7,3.7,2.8,0.9,1,1.2,1.3,1.3,44764.28,0.14
Sabancuy,Neotropic,26,8,22,18,0.69,0.15,0.15,69,26,8,22,18,0.69,0.15,0.15,69,0.444444444,4.025,3.602,2.65,0.75,1,8.6,2.4,3.2,3.2,3.2,3.2,3.1,0.9,1.2,1.2,1.2,1.2,40745.78,0.19
San Carlos,Neotropic,21,5,18,16,0.76,0.1,0.14,38,24,5,21,19,0.79,0.08,0.12,44,0.263157895,4.037,3.781,1.83,0.73,0.73,8.8,3.5,3.5,4.8,4.8,4.8,2.1,0.8,0.8,1.1,1.1,1.1,44633.87,0.19
Santa Lucia,Neotropic,29,7,24,22,0.76,0.07,0.17,53,31,8,25,23,0.74,0.06,0.19,60,0.347826087,3.902,3.683,1.94,0.59,0.81,7.5,2.3,3.1,3.9,3.9,3.8,2.4,0.7,1,1.2,1.2,1.2,35734.5,0.17
Sarstoon-Temash,Neotropic,27,9,23,18,0.67,0.19,0.15,65,27,9,23,18,0.67,0.19,0.15,65,0.5,3.925,3.656,2.41,0.8,0.85,7.2,2.4,2.6,3,3,3.1,2.8,0.9,1,1.2,1.1,1.2,35811.06,0.14
Serra da Bocaina,Neotropic,25,6,21,19,0.76,0.08,0.16,42,26,6,22,20,0.77,0.08,0.15,49,0.3,3.916,3.735,1.88,0.64,0.76,8.2,2.8,3.3,4.4,4.4,4.3,2.2,0.8,0.9,1.2,1.2,1.2,34763.3,0.16
Serra do Amolar,Neotropic,30,8,24,22,0.73,0.07,0.2,70,31,8,25,23,0.74,0.06,0.19,78,0.347826087,4.094,3.809,2.52,0.75,0.93,9.8,2.9,3.6,3.9,3.9,3.9,3.1,0.9,1.2,1.2,1.2,1.3,44873.27,0.19
Serra do Cipo,Neotropic,31,7,26,24,0.77,0.06,0.16,54,31,7,26,24,0.77,0.06,0.16,61,0.291666667,3.978,3.706,1.97,0.55,0.8,8.7,2.5,3.5,4.4,4.5,4.4,2.3,0.7,1,1.2,1.3,1.2,37746.71,0.17
Serra do Facao,Neotropic,30,7,25,23,0.77,0.07,0.17,53,31,7,26,24,0.77,0.06,0.16,59,0.291666667,3.978,3.773,1.9,0.54,0.8,8.4,2.4,3.6,4.4,4.4,4.5,2.3,0.6,1,1.2,1.1,1.2,37746.71,0.17
Serra do Tocantins,Neotropic,36,9,29,27,0.75,0.06,0.19,78,38,10,31,28,0.74,0.08,0.18,93,0.357142857,3.947,3.803,2.45,0.71,0.96,9.3,2.7,3.6,3.8,3.8,3.8,3,0.9,1.2,1.2,1.3,1.2,38876.43,0.19
Serrania San Luis,Neotropic,30,8,24,22,0.73,0.07,0.2,67,31,8,25,23,0.74,0.06,0.19,75,0.347826087,4.1,3.851,2.42,0.72,0.8,9.4,2.8,3.1,3.9,3.9,3.9,3,0.9,1,1.2,1.2,1.2,46286.4,0.18
Shipstern,Neotropic,25,7,21,18,0.72,0.12,0.16,58,25,7,21,18,0.72,0.12,0.16,58,0.388888889,4.022,3.649,2.32,0.75,0.9,8.3,2.7,3.2,3.6,3.6,3.6,2.8,0.9,1.1,1.2,1.2,1.2,43738.38,0.17
Sierra de Agalta,Neotropic,34,10,30,24,0.71,0.18,0.12,89,35,10,31,25,0.71,0.17,0.11,93,0.4,3.937,3.614,2.66,0.82,1.02,9.3,2.9,3.6,3.5,3.5,3.5,3,0.9,1.1,1.1,1.1,1.1,34209.71,0.15
Sierra del Divisor,Neotropic,27,9,21,18,0.67,0.11,0.22,62,32,9,26,23,0.72,0.09,0.19,76,0.391304348,3.903,3.765,2.38,0.78,0.95,8.4,2.8,3.4,3.5,3.6,3.6,2.9,1,1.2,1.2,1.3,1.3,37013.01,0.19
Silvestre Tahuamanu,Neotropic,27,9,21,18,0.67,0.11,0.22,62,33,9,27,24,0.73,0.09,0.18,76,0.375,3.903,3.728,2.3,0.76,0.88,8.4,2.8,3.2,3.7,3.7,3.6,2.8,0.9,1.1,1.2,1.2,1.2,37013.01,0.19
South Palizada,Neotropic,27,8,23,19,0.7,0.15,0.15,70,27,8,23,19,0.7,0.15,0.15,70,0.421052632,4.025,3.566,2.59,0.73,0.96,8.8,2.5,3.2,3.4,3.4,3.3,3,0.9,1.1,1.2,1.2,1.1,40745.78,0.19
Teniente Enciso,Neotropic,24,7,20,17,0.71,0.12,0.17,46,25,8,20,17,0.68,0.12,0.2,52,0.470588235,3.918,3.808,2.08,0.69,0.69,6.5,2.2,2.2,3.1,3.2,3.2,2.6,0.9,0.9,1.2,1.3,1.3,38778.32,0.12
Tijuca,Neotropic,29,7,24,22,0.76,0.07,0.17,53,30,7,25,23,0.77,0.07,0.17,60,0.304347826,3.978,3.668,2,0.61,0.81,8.6,2.6,3.5,4.3,4.3,4.3,2.4,0.7,1,1.2,1.1,1.2,37746.71,0.17
Tinfunque,Neotropic,26,8,21,18,0.69,0.12,0.19,55,27,9,21,18,0.67,0.11,0.22,61,0.5,3.966,3.823,2.26,0.69,0.76,6.8,2.1,2.3,3,3,3,2.9,0.9,1,1.3,1.3,1.3,40652.63,0.13
Tiputini,Neotropic,27,9,21,18,0.67,0.11,0.22,59,31,9,25,22,0.71,0.1,0.19,71,0.409090909,3.903,3.743,2.29,0.75,0.89,7.9,2.6,3.1,3.4,3.5,3.5,2.8,0.9,1.1,1.2,1.2,1.2,37013.01,0.19
Ulla Ulla,Neotropic,10,4,8,6,0.6,0.2,0.2,14,12,4,10,8,0.67,0.17,0.17,17,0.5,4.044,3.85,1.42,0.51,0.26,4.2,1.5,0.8,3,2.9,3.1,1.7,0.6,0.3,1.2,1.2,1.2,35679.54,0.23
West Centla,Neotropic,26,8,22,18,0.69,0.15,0.15,69,26,8,22,18,0.69,0.15,0.15,69,0.444444444,4.025,3.602,2.65,0.75,1,8.6,2.4,3.2,3.2,3.2,3.2,3.1,0.9,1.2,1.2,1.2,1.2,40745.78,0.19
Xixuau,Neotropic,27,8,21,19,0.7,0.07,0.22,58,33,8,27,25,0.76,0.06,0.18,70,0.32,3.939,3.698,2.12,0.69,0.8,8.8,2.8,3.3,4.2,4.1,4.1,2.6,0.8,1,1.2,1.2,1.2,40753.64,0.18