Community,EVI_12,EVI_1,EVI_10,EVI_11,EVI_2,EVI_3,EVI_4,EVI_5,EVI_6,EVI_7,EVI_8,EVI_9
Aberdare,3859.686168,3849.436348,3652.502671,3831.832079,3729.28969,3796.842176,3915.269461,3784.616231,3617.612543,3714.109061,3937.088786,3660.774644
Abijatta Shalla,706.4079041,676.6498077,809.7734371,739.6963382,700.7397308,845.8065012,997.5781771,1120.627139,1418.304979,1508.196386,1285.274207,1036.359998
Abou Telfane,1690.733341,1540.464154,2370.663037,1939.274375,1450.646749,1490.253962,1784.682581,2674.862136,4330.399104,5174.691694,4269.955789,2986.807711
Addax,708.8332039,742.0337523,711.0932401,712.6695888,763.6808555,769.9781703,766.5687646,762.5381376,759.7153503,758.4268001,744.2069246,729.5742603
Aguas Emendadas,4406.277442,4597.997388,3664.545675,4234.76758,4496.431938,4199.09348,3414.803431,2878.838112,2477.70525,2314.783794,2459.733896,2803.193999
Ai Ais,533.9699255,552.1228714,556.7484249,544.91584,588.4509113,608.3562144,643.964902,649.5331159,625.1364372,605.9640605,578.3535299,556.4485097
Ailao Shan,3103.600113,3066.059804,3561.134392,3235.566851,3205.123257,3830.295113,4020.471483,2671.438393,3089.355798,3282.133345,3216.511641,3490.157984
Air and Tenere,737.3938775,764.575072,733.7169578,733.7798115,784.712558,779.5956232,777.1794858,776.5059019,771.1717719,770.1226173,762.9849533,749.6354871
Akagera,3399.45761,3108.263943,3569.424195,3784.199181,3229.47855,3589.168932,3625.087304,2853.94747,2297.535312,2219.164453,2530.408554,2835.58811
Alaungdaw Kathapa,4070.252839,3548.426136,4528.156488,4384.566364,2764.632726,2820.703262,3827.754597,4699.080395,4424.207245,4295.319297,4753.059186,4642.605955
Alto Rio Negro,4860.016859,4534.507324,4470.621212,4734.649307,4688.670147,4359.049266,4074.329801,3942.213802,4241.759898,4569.035985,4706.200063,4785.306036
Amadeu Botelho,4901.818903,4954.07128,4161.866527,4703.215062,4832.99015,4471.214242,3957.377988,3524.513879,3167.077777,2920.71699,3138.309637,3752.05943
Amazonia,4368.96045,4207.779476,5273.591846,4812.198557,4165.821001,4247.11263,4659.663468,5005.728928,5343.879064,5509.822112,5395.964179,5453.660632
Amboseli,1934.653271,1780.818238,1443.907541,1825.80822,1799.066815,2037.926021,1917.817038,1573.63039,1400.110976,1359.61142,1314.139636,1311.265517
Anamalai,3621.962518,3362.842524,3761.850481,3827.656464,3366.357889,3529.403295,4042.675029,3751.870814,3716.77195,3959.255999,4073.014485,3624.672103
Anavilhanas,3868.788783,3719.522065,4088.332431,4028.739998,3847.321875,3655.97821,3579.868957,3900.40278,4066.612848,4269.656782,4420.106073,4316.4272
Ansongo Menaka,932.5433182,929.7482999,966.1352857,958.3518651,923.3488799,899.2559754,868.598537,897.1603728,1137.970317,1480.491152,1151.913302,1009.500555
Arabuko Sokoke,3757.75819,3666.705715,4236.044489,4010.509475,3739.225587,4024.572586,4312.676649,4220.103336,4204.195361,4097.242632,4001.142309,4137.959389
Arawale,2405.899915,1928.92071,2671.32048,3006.140617,1919.856217,2511.63253,2410.731014,1957.461542,1763.691827,1644.75048,1673.447803,2053.101405
Arly Partial,1377.147539,1375.434548,1953.080934,1483.312998,1444.00495,1709.194283,2231.935226,3075.841535,3939.143083,4470.917652,4502.651773,3022.949604
Arly Total,1299.062705,1305.950942,2079.332699,1488.430204,1391.219283,1649.715167,2296.12814,3276.446499,4255.889549,4510.013615,4368.272614,3024.222513
Arusha,4082.492864,3904.784993,3660.976628,4134.955331,3766.878948,3850.193317,3627.412144,3152.829447,2977.194259,3300.282659,3332.967234,3424.143824
Atasta,4346.947707,4393.945997,4239.720967,4156.438353,4569.461784,4793.77401,4866.636589,4923.768967,4881.035777,4794.406608,4549.494338,4241.457921
Awash,1485.004288,1455.97517,1559.046417,1517.148061,1522.545555,1705.818527,1576.893598,1411.015028,2152.335889,2735.775446,2138.979797,1718.001547
Bach Ma,2756.718401,3160.910295,3080.063735,2701.050535,3779.491756,4299.624923,4691.688909,5019.145885,5299.731429,5084.800366,4291.965746,3567.114605
Badiar,2053.405527,1654.636569,3706.141976,2748.107083,1831.747549,2156.910028,2584.181675,3947.025697,4640.093897,4906.107688,4900.84801,4353.722031
Bahr Salamat,1496.064279,1447.994409,1938.514223,1606.88286,1475.338434,1680.636693,2044.259197,3164.67727,4449.083357,5052.60827,4285.822191,2753.52816
Bahuaja-Sonene,4268.798402,4166.307895,5247.836241,4695.553989,4395.350159,4822.092157,4508.376502,4659.318664,4766.183207,4999.952172,5219.557822,5252.102841
Baima Xueshan,2245.567738,2296.826678,2704.630374,2401.134044,2419.572373,2829.598945,3625.282637,3401.186886,4117.813133,3916.467901,3777.835985,3240.421127
Bako,2445.400197,2437.910172,2711.151351,2626.511205,3012.244639,3262.277407,3214.515715,3363.360209,3203.576812,3197.049895,3185.542611,2873.545089
Balbina Reservoir,4812.012931,4653.11922,5071.809151,5081.724186,4292.237335,4440.237795,4370.20726,4787.882368,5050.985502,5258.178283,5438.844199,5622.186181
Bale,1810.940149,1750.16279,2502.024716,2055.522907,1840.497678,2192.699125,2548.706342,2403.273992,2455.423338,2940.282219,2941.650976,2709.152129
Balta,4821.843057,4443.814838,5673.397335,5108.893752,4891.644348,5037.364028,5076.350531,5031.268048,4980.78727,5197.836945,5496.037067,5737.330755
Banados del Este,4402.803305,4449.643556,3943.196893,4031.208741,4374.018735,3666.486236,3357.147829,3126.360748,3093.55486,3213.166084,3557.378516,3847.586775
Banc dArguin,843.6359897,853.59251,847.3980177,852.4798838,865.8387519,870.3886398,859.1446551,845.7785795,811.8693794,810.7504865,824.1198193,837.6188336
Bandhavgarh,2810.609611,2523.905716,3464.615091,3091.747814,2274.034499,2193.683477,2328.475933,2872.788669,3690.18362,4362.998722,4416.521745,3840.753098
Bandipura,2766.395871,2212.72884,4040.149653,3503.520733,2445.130041,3733.424897,4430.799266,3647.928004,3651.382065,4115.251927,4589.399392,4234.01514
Bangweulu,2577.556885,1950.338638,2366.339329,3139.924717,1501.050234,1793.330308,2104.384181,2152.297083,2071.420813,1979.12226,1954.95149,2014.036878
Banhine,3179.865087,3368.259117,2162.656336,2767.745219,3325.51043,2979.752561,2584.423398,2272.219821,1997.589005,1843.916283,1750.365809,1962.238077
Barail,3719.149082,3358.919484,4635.214017,4124.955995,3336.271318,4023.157419,4454.611493,4148.922618,4442.221513,4685.802729,4960.701132,5001.75133
Barito Ulu,4028.153317,4200.386858,4053.260199,4188.682899,4503.436259,4389.179814,4268.505321,3967.700581,3900.517847,3845.567197,4058.78375,4036.024787
Barro Colorado,3939.451737,3716.692006,3665.820733,3953.785224,3502.462096,3451.61214,3630.516239,3729.969476,3673.953363,3840.705853,3602.432982,3483.368859
Batang Ai,3927.718828,4038.97247,3955.940054,4074.24513,4437.922765,4444.026666,4469.417249,4435.58681,4376.58782,4360.389364,4279.466273,3995.335744
Bazaruto,1883.905594,2091.661178,1613.83945,1651.353089,2145.02798,2134.181186,2013.595351,1993.635318,1873.135678,1603.713388,1553.394541,1565.536151
Belum Temengor,4783.829304,4925.233223,4402.813835,4665.705591,5083.572785,4995.137463,4856.098473,4966.873452,4991.177794,4977.804695,4953.596353,4621.804791
Beni,5632.616131,4975.686854,5949.34915,5535.695382,5247.655119,5352.569043,5150.003929,4956.742764,4878.915423,4883.031898,5285.83706,5678.968458
Benoue,1325.17404,1502.891946,2844.565568,1746.038692,1771.473361,2454.460091,3482.29795,4660.617607,5052.591855,4744.975999,4653.532773,3897.979451
Berbak,3356.684204,3860.768021,3490.81895,3305.815436,3954.771684,4325.901794,4543.762749,4444.765217,4481.917019,4499.834905,4289.716258,3828.655944
Betung Kerihun,3989.079887,4329.663711,3964.247205,4023.982024,4581.711619,4738.952875,4778.476037,4803.072826,4937.11823,4801.575385,4937.127566,4378.87401
Bicuar,4240.847308,4697.815812,3074.477305,4117.137875,4565.516195,4085.158468,3185.32173,2535.578658,2160.297182,1967.310676,1991.980622,2329.779164
Binder Lere,1571.772091,1522.39259,2289.659968,1748.111493,1517.031726,1726.723516,2342.970328,3593.997802,4474.710955,4730.368133,4386.365577,3126.370742
Bitahai,1807.674513,1833.374834,1974.350115,1877.347143,1993.999952,2399.53103,2759.680977,2718.802568,3147.572892,2617.817345,2749.331626,2322.854
Bladen,4694.415044,4548.048291,4685.055214,4907.645792,4656.448225,4667.570754,4392.571071,4601.00713,4609.22706,4917.243813,4862.178824,4908.916177
Bontioli,1446.879316,1468.124606,2304.862151,1643.926779,1685.70441,1949.731274,2392.825804,3075.6458,3760.123313,4245.439899,3964.748706,3146.319945
Bosque Mbaracayu,5720.806667,5525.226653,5984.006734,5824.537549,5301.860914,5026.710465,4743.043246,4386.562467,4228.827788,4211.94136,4944.385247,5710.648068
Bosques Petrificados,896.6252344,868.8129641,998.519018,945.9754739,861.2815998,865.0865061,871.1550978,869.4331946,828.7153634,863.6708601,936.7743339,984.1838254
Boumba Bek,3566.306192,4213.140788,4381.556774,3743.013733,4728.556565,4945.16989,5024.816722,4303.78555,3837.831526,4103.259954,4408.47929,4359.967048
Brasilia National 1,4365.535372,4551.63635,3816.270023,4186.51102,4486.335439,4094.801349,3513.82097,3017.538036,2645.258524,2436.799129,2652.375519,2922.356207
Budongo,3928.859167,3865.14711,4614.024627,4257.946405,4345.080949,4925.684243,5467.778995,5192.626938,4863.676735,4787.494522,4931.937401,4819.396746
Buenaventura,2146.907341,2798.096853,2054.828824,2002.582378,3731.9383,3719.138981,3356.791154,2934.818021,2580.382501,2390.195835,2260.409884,2159.878785
Buffalo,3499.711255,3400.221864,2621.240698,3700.595594,3913.642718,4087.062156,3009.394197,2239.305112,1876.785124,1701.578037,1695.612821,1831.837592
Bukit Barisan Selatan,4963.932482,5347.192618,4548.553152,4824.662958,5309.901099,5464.72331,5358.406443,5350.575439,5115.148874,5232.338698,4876.404372,4408.872497
Bukit Kutu,4066.140446,4347.706363,3690.678224,3923.165166,4570.435559,4654.208417,4500.660171,4584.348859,4477.50121,4485.812727,4439.116592,3814.676639
Bururi Forest,4026.774398,4257.334172,2805.004806,3901.860991,4144.204413,4037.500792,4300.126327,3798.883232,3221.082686,2929.821726,3007.439759,2801.996093
Cameia,1997.632544,1746.706342,2196.098784,2236.631352,1869.769059,1864.478087,1944.680794,1567.304618,1176.599787,1137.310317,1401.971557,1701.316386
Campo Maan,2755.485667,3157.424078,3073.975642,2801.635177,3633.10626,3870.880053,3535.799513,2702.392358,2208.704038,1964.594946,2594.909177,3262.044559
Canaima,3679.336856,3853.02544,3770.952998,3674.075615,4158.276502,3920.102049,3595.314449,3573.345254,3548.478602,3932.056523,4017.219386,3927.325785
Cangandala,4377.914607,4416.749675,4444.102728,4644.579747,4348.636747,4089.50914,3400.145232,2610.922519,1885.943636,1953.256546,2855.447553,3966.735206
Cantao,3638.657741,3324.543897,3794.99756,3863.738381,3321.799759,3208.617675,3306.570358,3303.287343,3214.562684,3040.86267,3174.470888,3591.955667
Caraca,4538.932157,4780.495829,3732.752947,4621.062776,4410.187627,4542.687281,4160.42958,3805.196274,3551.383762,3293.601204,3368.635276,3644.290289
Carajas Forest,4129.773156,4275.815395,3992.917619,4175.513716,4409.137522,4697.082862,5394.716131,5088.071741,4666.268052,4160.015493,3833.749426,3869.566439
Cat Ba,1882.073769,1563.16964,2940.872864,2615.714701,1291.445642,2119.490122,2907.442602,3131.041757,3276.038054,3354.187781,3587.366947,3325.510719
Cat Tien,4280.520196,4067.052383,4700.987443,4548.092866,4018.80012,4393.044589,4539.363862,4521.89055,4397.616747,4411.036669,4552.886341,4749.733527
Cayambe Coca,2616.170934,1818.169979,2774.706433,2594.295526,1916.66379,1875.242149,2095.185904,1827.81098,2464.682782,2839.008679,3041.640211,2904.193577
Celaque,3393.993186,3307.26365,3843.900205,3553.245718,3411.618539,3717.840423,3642.026555,4164.416279,4392.170161,4379.531288,4056.965897,3845.134244
Cerro Cora,5147.309021,5047.596081,4990.797186,5313.718492,4852.565359,4672.965124,4394.437974,4022.505659,3675.934448,3334.312291,3751.873664,4637.307509
Chandless,4923.827194,4739.917306,5813.858021,5386.367435,5014.586874,5194.599256,5189.050264,5080.069544,4965.904833,5056.006224,5444.967625,6013.89365
Chandoli,2675.372986,2515.756842,3510.287608,3009.216405,2417.572956,2585.053377,2694.640829,1856.979703,1679.134414,3320.210308,4455.295518,4069.136078
Chekubul,4751.222879,4611.284168,5341.01446,5051.788724,4280.550303,3986.029488,4233.174489,5350.611408,5892.542804,5889.81241,5731.169774,5581.715309
Chenkan,4922.026375,4459.319802,5393.227588,5081.391241,4091.387599,3817.058225,4170.713615,5503.911807,5887.686658,5845.234569,5776.427743,5598.315499
Chiquibul,4701.840808,4425.730695,4591.150582,4810.10782,4436.217929,4284.754869,3872.326403,4221.328002,4438.533449,4555.541562,4674.179619,4637.581535
Chitwan,2918.064621,2811.343567,3569.412865,3299.205475,2739.843325,3128.675545,4140.822021,4329.79213,4030.216639,4384.721363,4338.455375,3972.175132
Chobe,4539.967868,4520.391179,2641.426902,3905.532267,3896.261069,3221.864899,2735.546334,2408.224534,2169.752867,2048.004314,2036.36132,2207.169593
Cliff of Bandiagara,1347.997685,1291.130706,1526.408683,1432.215053,1237.022374,1227.137332,1229.364809,1407.274162,2257.770885,2846.07562,2228.767392,1709.126137
Cocha Cashu,4516.854207,4139.368972,5506.942799,5036.741855,4601.513804,4948.718816,4845.567921,4841.913032,4898.333639,5100.587692,5308.463682,5565.939623
Cockscomb,5207.373193,5257.558484,5361.291804,5287.252058,5411.154745,5655.484881,5288.83576,5128.862575,5203.216518,5367.318053,5551.045864,5348.82476
Columbia River Forest,5520.378183,5226.217177,5355.989796,5466.573627,5405.362469,5501.909407,5109.31358,5201.479118,5481.940054,5676.549344,5659.589905,5561.438635
Comoe,1366.810418,1748.377966,3321.226282,1778.646217,2299.232161,3106.306198,3798.509441,3541.55659,3431.258801,3150.789311,4502.479315,4144.837523
Conkouati Douli,2938.435484,3450.738241,2373.210484,2988.547601,3905.560835,3908.74734,2929.655863,2732.760661,2580.684224,1865.080495,1185.219295,2147.629675
Corcovado,4821.153863,5220.764259,3493.304842,4325.917093,5256.657491,4718.683267,4256.856128,4249.648628,4074.078486,4185.113926,3884.178687,3214.618456
Cordillera Central,3856.626787,4226.178829,3371.711423,3655.531899,4293.206112,3818.756314,3485.605691,3315.109913,3272.35627,3724.384613,3638.700681,3437.940857
Cuzco Amazonico,4909.461435,4627.397299,5770.223518,5253.892678,5088.160347,5129.357047,5147.039384,5131.033032,5086.77119,5095.641105,5392.800391,5673.266024
Daan Viljoen,1866.185137,2355.675924,1223.959223,1478.094269,2383.07424,2095.868446,1685.16784,1412.271155,1226.085748,1138.162831,1115.812878,1162.949976
Danum Valley,4032.642794,4259.588657,4696.781988,4443.913146,4940.479791,5041.081485,5288.507819,5222.232873,5309.152207,5578.65921,5552.865769,5000.908708
Darien,5125.968884,5187.890418,4843.332987,4780.469208,5116.219756,4850.696924,5000.884801,5065.529456,4829.523672,5214.843339,4916.939459,4846.720408
Daweishan,2815.775592,2491.054837,4151.465643,3389.700387,2760.354478,3681.12264,4024.534285,4276.815408,4801.161098,4630.538989,4747.773041,3976.852257
Defensores del Chaco,5287.961593,5384.692405,4564.132667,5219.129908,5116.87397,4586.830946,3881.897911,3053.2948,2513.022459,2323.596539,2307.520667,3415.465837
Deux Bales,1507.752174,1478.127825,2238.233716,1657.850092,1641.102965,1902.101856,2336.615498,3050.183584,3981.121842,4659.557112,4299.030919,2971.381679
Dibru-Saikhowa,2411.530792,2187.370098,2935.793685,2704.638256,2208.27213,2341.87943,2652.670993,2393.808719,2363.590441,2419.764465,2786.183145,2931.326236
Doi Inthanon,4138.436552,4199.682953,4349.153008,4196.191085,4339.723099,4470.564326,3970.575083,2823.882828,2434.600806,2898.568112,3436.537371,3931.633139
Doi Suthep-Pui,3657.03742,3346.533973,4416.716168,4018.066904,3289.169696,3730.372069,4184.435449,3684.895292,3729.996539,4018.859434,4350.627446,4567.110896
East Centla,4393.690322,4541.369019,4205.283029,4177.097986,4721.955582,5012.685556,5126.745419,5078.513359,4989.239267,4978.285555,4542.546571,4176.103137
El Palmar,3782.939056,4023.371952,3788.261719,3875.149468,3991.790599,3619.798235,3393.132324,3149.293421,3018.413445,3028.386091,3266.136715,3580.845467
El Rey,5815.550376,5499.244923,5135.534614,5658.911418,4849.286549,4352.381956,3819.352197,3308.689432,3007.523176,2907.313606,3459.543866,4528.792035
Eravikulam,4131.474468,4108.518328,4076.453747,4244.066923,4179.059532,4319.280936,4153.363515,2653.857326,2561.276368,3422.246395,4049.102906,3781.59092
Erawan,3353.943867,2882.905946,4659.089212,4062.81631,3318.289251,4287.796092,4833.214738,4260.89148,4028.016655,4536.510657,4636.759437,4677.963195
Estacao Ecologica do Panga,5045.17337,5085.385741,3255.705885,4198.539919,3980.24414,3424.631904,3210.926925,2847.576525,2381.916408,2177.850835,2353.333289,2866.219256
Estancia Guaycolec,3795.056108,3862.364559,3538.319585,3885.584897,3878.725816,3792.868592,3529.219444,3350.926776,3183.700849,3098.422424,3107.361979,3513.144564
Estancia Sombrero,4949.484493,4799.478927,4956.560083,5093.091539,4763.593002,4712.211866,4432.364628,4070.599812,3705.749522,3616.421092,3902.330598,4656.026966
Etosha,839.1773743,1005.446684,743.7882172,769.0648897,1200.593224,1115.349564,911.7840373,837.9302977,860.1008644,930.235362,885.2005519,808.8549399
Fada Archei,776.958599,790.8404593,785.8746735,784.3073174,797.5106412,796.0739576,785.0766268,778.5372507,746.0937089,830.6786002,826.4001568,796.4473891
Fazenda Cauaia,4763.373563,4732.62148,3965.221595,4631.020478,4575.635273,4186.830665,3519.457708,2974.545659,2533.364018,2333.347349,2644.16956,3273.26975
Furna Feia,2335.72079,3501.218295,1973.108626,1965.600368,4176.083321,4590.578222,4530.527051,3956.886844,3045.046879,2415.592425,2152.48285,2033.725853
Gambella,2574.145482,2015.307369,3971.40578,3257.469463,1845.573957,2116.823512,3407.005413,4604.341581,5025.216773,5014.28371,4799.505695,4430.745145
Garamba,1657.034812,1635.455856,3632.802356,2460.170831,2538.152561,4073.519743,5222.542263,5286.975156,5210.259784,4979.414844,4977.413143,4280.576601
Gile,4912.315934,5082.04618,3234.444745,4409.0287,5106.592031,4903.280961,4632.827949,4327.232219,3783.642776,3003.66105,2214.142569,2648.500655
Gishwati,3777.536585,3793.417662,3648.080859,3933.514857,3896.747361,3745.269763,4290.697853,4244.118503,3701.517278,3352.783445,3487.225965,3532.183755
Golden Gate Highlands,3305.975794,3406.327592,2347.958363,2976.594821,3150.887517,2667.752206,2056.756179,1729.805082,1538.463093,1401.049887,1510.118466,1975.420455
Gombe,2435.075866,2583.105804,2046.88821,2443.695558,2374.949333,2302.545478,2264.182204,1868.949838,1584.436099,1518.41913,1694.284458,1748.755894
Gonarezhou,3529.75047,3562.733958,2234.567507,3086.946822,3558.374301,3265.641815,2799.49241,2519.899189,2174.237977,1928.106233,1822.182743,2014.319827
Gorongosa,3823.159101,3933.453552,2203.083201,3073.568065,3991.715045,3992.584626,3454.077486,3017.403008,2703.732429,2285.313251,2030.682235,2045.366397
Gorumara,2631.157417,2421.255745,3491.639776,3054.636963,2744.650574,3565.434388,4162.449093,3574.139396,3277.191825,3963.919972,4286.739054,3948.024196
Great Himalayan,447.1568329,298.8488591,1046.133757,735.0065726,383.130893,751.9775661,1699.858127,2484.501359,2726.761681,2920.114279,2272.449135,1361.626509
Gunung Leuser,3372.542688,3433.811118,2699.927282,3163.29432,3798.212313,3402.366593,3466.268668,3384.942836,3489.180823,3438.13248,3260.409405,2422.508234
Gunung Palung,4256.27499,4472.371048,4061.989136,4124.618938,4803.675586,4857.087372,4857.211729,4885.884144,5034.930865,5055.892209,4734.727496,4141.932664
Hainan Bawangling,3935.468068,3570.423556,4651.335801,4346.600636,3812.3618,4493.878432,5020.647438,5152.555358,5124.672024,5310.750553,5083.818569,4969.573692
Hells Gate,2340.530253,2137.694637,2206.479933,2339.425431,2143.926713,2535.621583,2758.608101,2547.768519,2128.179657,1954.260906,1948.220736,2018.512273
Hluhluwe,4566.478856,4651.609247,3854.980135,4316.114515,4447.850382,4028.556534,3407.898423,2805.972438,2410.978995,2308.056644,2513.88618,3267.276154
Hoollongapar�,2724.319413,2484.049041,4066.422894,3320.604339,2754.119336,3459.04199,3989.149563,3993.145256,3937.970926,4569.233958,4993.347886,4745.103639
Huai Kha Khaeng,3895.976901,3331.384671,4968.543199,4555.680745,3530.125261,4480.734087,5353.091322,4909.946536,4640.782509,5318.379821,5227.506108,4897.120611
Huascaran,1182.35537,1067.8241,1188.908585,1133.897337,1087.857274,1282.830069,1284.2959,1195.657397,1065.491153,1015.123571,1053.12458,1075.455715
Hwange,4243.069466,4324.150013,2948.729941,3886.135803,4015.515881,3453.388989,2888.782661,2450.338662,2192.363222,2072.170668,2201.370769,2552.718834
Iguazu,5984.866844,5616.757414,5861.879853,6152.837465,5294.749543,4975.348116,4637.173137,4348.833275,4204.060292,4248.770198,4925.268367,5527.787877
Indravati,3847.586197,3503.279659,4674.508608,4234.927837,2909.755029,2793.100034,3756.672781,3744.419846,3024.311654,3858.990728,4982.788225,4913.491042
Iona,576.6378636,636.3061208,572.9029016,581.4437046,720.7393516,758.1765035,668.4851739,648.7323525,641.3584945,659.4845542,636.303959,597.1691169
Itabo,5226.698503,4154.110563,4407.313943,5672.511852,3939.559361,3952.366812,3677.166176,3344.143466,3110.381548,2855.640738,2819.148902,3573.915347
Iwokrama,4081.941652,4113.511108,4502.073264,4259.762764,4109.944005,3813.704932,3789.931166,4138.166806,4287.377023,4591.74775,4732.576178,4769.550089
Jaguas,4784.877825,4623.180768,4788.677783,4822.080079,4544.650501,4919.313265,5089.887806,5195.35994,5149.054002,5024.925512,5102.711838,4942.935992
Jiulianshan,3067.65966,2709.278487,3677.524081,3475.915878,2595.819734,3706.325125,4382.250883,4263.516815,4570.10395,4513.287929,4617.765582,4109.485215
Kabore Tambi,1459.60638,1435.882178,2238.707258,1598.673059,1520.051549,1865.527408,2456.080118,3185.676311,3975.730909,4328.067911,4245.622306,3154.619229
Kaeng Krachan,4683.334921,4610.247526,4812.479031,4903.189054,5061.820038,5412.801675,5055.543896,4398.819016,4065.807669,4594.79405,4682.504569,4253.22773
Kafue,4681.450365,4460.889053,2870.250643,4250.318191,4250.569147,3473.884063,2639.837659,2082.767487,1701.468033,1683.908214,1952.018894,2313.973462
Kafue Flats,3824.806906,3354.612683,2656.179144,3533.248358,3169.765002,2731.538878,2587.714191,2509.95083,2257.540437,2139.180505,2275.696971,2329.84558
Kakamega,4057.857287,3787.034634,4625.879196,4331.894251,3915.258687,4194.664782,4793.5356,4736.229088,4513.96599,4402.917008,4602.322513,4713.163649
Kanha,3079.147326,2706.063441,3820.774495,3415.989099,2526.618485,2582.793272,2824.560877,3506.469451,3349.497182,3973.772616,4598.837527,4178.141323
Kapama,3882.734331,3705.110487,2575.109959,3542.71087,3557.592626,3363.2194,2699.093708,2211.535229,1853.959637,1692.728415,1702.771618,1995.843455
Karen Mogensen,4464.03157,4009.405379,5300.172465,4980.812574,3819.636939,4186.881236,5086.268726,6082.143829,6054.864593,5776.731735,5274.514203,5115.701213
Kartabo,4376.818723,4269.461975,4656.960457,4477.04389,4239.764076,4161.171263,4118.908441,4398.274977,4599.654462,4920.804217,4873.04878,4825.086885
Kasungu,4212.749207,4420.28447,2828.994881,3738.340568,4167.69512,3908.868208,3366.329705,2891.563776,2468.403723,2132.831824,2101.825951,2336.383159
Kaziranga,2594.449948,2390.332634,3391.666505,3011.685151,2389.340344,3021.706571,3508.962764,3285.689698,3204.89737,3214.401857,3378.939056,3539.372183
Keoladeo,4131.759184,3827.988204,2149.881162,3327.189545,2206.905828,1423.191339,1310.904165,1533.557046,2918.526237,3303.798391,2346.959393,1769.676079
Kerinci Seblat,3630.562175,3765.385807,3522.92249,3503.241076,4120.006205,3944.92139,4173.298048,4114.743462,3967.287049,3927.299368,3872.225156,3463.358677
Kgalagadi Transfrontier,1362.027897,1611.094299,1171.113406,1255.266482,1581.105721,1538.877553,1367.715743,1224.526888,1159.682594,1151.57057,1140.717201,1142.388196
Khangchendzonga,638.9958405,475.2781287,981.3445952,884.1356527,426.8110885,617.4375731,701.8145539,916.7369003,1297.375012,1316.265277,1264.848102,1179.760054
Khao Ang Rue Nai,3782.822925,4131.112146,4807.31334,4366.300975,4611.333603,4910.427011,5129.109485,4772.80357,4634.898941,4703.735801,4874.340821,5014.48823
Khao Chamao-Khao Wong,4034.518498,4386.603164,4732.572996,4423.581714,4749.732576,4846.685794,4836.943349,4222.063783,4211.802625,4321.464296,4634.649506,4817.765204
Khao Luang,4605.814212,4698.273666,4414.526787,4515.031565,5245.132268,5388.092446,5402.354622,5323.754463,5327.882341,5562.1641,5190.462693,4496.643061
Khao Pra-Bang Khram,5313.538587,5435.201063,5152.845472,5289.161542,5622.205446,5552.659919,5318.103292,5265.683871,5329.083456,5423.567292,5312.849244,4960.834354
Khao Pu-Khao Ya,4439.024293,4379.072514,4301.438725,4241.195964,4995.699453,5581.733711,5803.102366,5708.596895,5789.853528,5704.09068,5549.287282,4878.400153
Khao Soi Dao,4167.263527,4048.44543,4715.746753,4433.042621,4536.109351,4840.564463,4919.312482,4612.039245,4630.339867,4768.25879,4570.874145,4548.359664
Khao Sok,4936.961747,5131.860422,4736.741355,4900.199323,5398.447041,5230.681099,4561.197747,4342.564758,4436.321122,4402.832353,4275.954684,4562.160253
Khao Yai,4346.03591,4443.30639,4502.582999,4447.571386,4779.252059,5137.896907,5014.854621,4405.45313,3908.577692,4563.875132,4201.297538,4518.351079
Khaudum,3170.268533,3429.243129,2255.887872,2890.681112,3151.320337,2672.025232,2241.679092,1951.025098,1778.570878,1666.694866,1713.90464,1903.62652
Khlong Saeng,4430.782493,4647.917983,4237.852456,4300.950268,4792.010402,4662.075763,4100.040694,3852.178372,3848.195385,4085.306712,3980.327957,4062.742972
Kibale,4463.622778,4343.893601,5153.079597,4905.072486,4651.044711,5073.223571,5308.165538,4992.637824,4495.99638,4585.804439,5122.889251,4752.505395
Kibira,4042.09995,4244.182301,3338.521065,4017.271444,3980.508741,3553.377524,3941.988332,4211.563059,3761.412238,3471.991542,3381.188114,3307.211946
Kidepo Valley,1725.996182,1440.465003,2588.782435,2181.537064,1674.643503,2465.453508,3494.45932,3664.303434,3702.973738,3656.290264,3251.892793,2847.347162
Kilimanjaro,940.1493155,1042.676342,704.7453141,729.9789078,972.1855231,802.4304728,995.0325447,983.9077674,975.4393635,1045.179495,1062.469094,875.8782901
Kizigo,4253.871842,4451.832653,2038.421593,3269.557424,4219.938661,3907.651736,2881.266337,2099.781998,1738.037113,1645.154145,1641.546658,1733.717208
Knysna,3678.581956,3502.121124,3689.175039,3774.665612,3383.55387,3309.944264,3289.816544,3222.614728,3190.022469,3283.114786,3449.838367,3607.053314
Korup,3314.922411,3381.718492,3626.765546,3560.445525,3679.719005,4293.3748,4413.992721,3676.379177,2444.788917,2219.728153,3215.923117,3524.993511
Kourtiagou,1261.943738,1267.927154,2002.455299,1383.001051,1361.516813,1645.857966,2368.719379,3351.404398,4282.047549,4883.793627,4631.610256,3119.555159
Krau,4379.800929,4739.038826,4822.286515,4569.732907,5158.433157,5247.132786,5276.044179,5270.60576,5204.257021,5320.868895,5392.258693,5099.728637
Kruger,3143.333054,3142.210849,2172.810412,2767.67449,3216.777018,2981.405679,2474.407298,2113.127876,1818.647944,1664.458486,1566.711366,1711.680833
Kudremukh,3791.701024,3889.947816,4176.542401,3912.44053,3999.969686,4229.002368,3958.342147,2299.814472,1926.863242,2974.892474,3885.632875,4224.78429
Kui Buri,4569.297281,4411.464359,5043.857953,4995.731521,4748.641919,5001.170225,4921.862159,4462.136325,4084.539867,4778.179623,4700.652382,4621.265303
La Amistad,3939.056716,4203.380016,3432.932219,3922.703289,4621.484326,3852.476173,3358.054422,3406.483602,3623.294541,3463.34867,3722.815756,3378.300208
La Selva,5111.080714,5122.750524,5010.569015,5340.972663,5441.409012,5201.044614,5155.857841,5106.219728,4860.717646,5482.357104,5546.950417,5391.416267
La Sepultura,3910.486138,3829.299125,4573.300691,4214.863007,3954.570119,4241.157778,4603.483568,5372.072019,5728.757641,5329.671409,5071.766554,4838.40355
Lac Fitri,1478.401192,1371.875335,1820.554176,1707.763343,1342.474766,1324.957359,1325.041695,1544.529347,2117.143248,2527.05224,2068.668217,2017.35481
Lac Tele,3740.43267,4299.298765,4784.492802,4146.035321,4854.279226,4765.380459,4724.841981,4399.938314,4244.067831,4762.765082,5132.155749,5075.526468
Lago Puelo,3697.217107,3522.082068,3358.752932,3616.80112,3250.81283,2830.842115,2345.855438,1956.645428,2079.044201,2241.020577,2515.286714,2985.719057
Laguna Blanca,873.9603152,843.071563,906.5783436,929.3850832,812.1587388,797.9530662,815.0882222,787.9757987,672.5572056,698.2636854,729.4106818,798.0694468
Laguna de los Pozuelos,965.6210076,980.2383565,793.8582663,902.7730712,946.8201285,765.5850204,668.5656837,651.0678399,641.8266869,639.7393129,698.6085517,741.981667
Laguna del Tigre,4801.801645,4294.55272,4793.038584,4727.363775,3931.209536,3556.057538,3676.542137,4513.746805,5011.449632,4956.411239,4950.448184,4771.887735
Lake Chilwa,102.1272893,-93.61120856,73.49682529,359.2915794,-148.2439733,-158.679973,-249.1716678,-268.4993511,-252.3509995,-289.9038715,-118.7681695,116.3004053
Lake Manyara,2173.163638,1927.45217,1681.502181,2113.465542,2038.819671,2417.823647,2280.886604,1879.350134,1552.192104,1395.820703,1292.463585,1285.258004
Lake Mweru,4547.218664,4689.403375,4012.333434,4667.88549,4414.559383,4031.053726,3278.08635,2412.298696,1829.509851,1793.583923,2382.260601,3092.705341
Lake Nakuru,2490.999697,2074.747152,2862.731827,2702.814853,2087.010271,2827.784078,3560.209721,3361.250714,3012.881694,2957.264316,2752.747741,2637.620387
Lake Rukwa,4592.024293,5103.108585,2652.195952,4232.645464,4786.786699,4232.313165,3264.800101,2338.287627,1817.596766,1654.303714,1839.279183,2125.755144
Lampi Island,3904.68317,3920.269564,3776.669164,3869.560158,3915.03535,3508.085585,2668.270487,2382.920186,2601.481557,2740.522916,2709.237813,3625.522101
Lanin,3590.78788,3355.904124,2965.220064,3524.135783,3105.238473,2484.249998,1682.281923,1061.950375,1043.36418,1106.095307,1436.878319,2246.187114
Laokhowa-Burhachapori,2003.447434,1866.495063,2858.070721,2388.02165,2403.112843,3152.158294,3714.50556,3526.264233,2870.492504,2685.303767,3111.647373,3127.038568
Lauca,806.2447286,811.0174523,751.2960214,789.5464668,825.1255428,791.0006934,722.6434878,663.8993599,638.5252053,651.9211698,678.2986424,718.0990707
Lefini,3505.481856,3459.326161,4320.482172,4151.690008,3459.50532,3607.290915,3540.22107,2891.725541,2378.714598,2531.381193,3259.453175,3879.838404
Lengwe,4631.939951,4980.581791,2278.005242,3796.31424,4761.372498,4035.735721,3264.079336,2595.28838,2109.053365,1732.007483,1592.438176,1723.078601
Liwonde,4478.815999,4795.670004,2033.217565,3526.840614,4586.838829,3836.543479,2956.925095,2325.4044,1916.239299,1661.328569,1620.327531,1744.435549
Lolldaiga,2548.621294,2044.48295,3217.998029,3024.043484,1947.053645,2390.051489,3541.433576,3431.180297,3071.880227,2968.668637,2802.148565,2679.405053
Lope,3065.639262,3760.252878,3864.624287,3476.847527,4174.510286,4301.618115,3815.346487,3294.809703,3144.615422,2833.177415,3503.856474,3861.010637
Los Alerces,3415.70476,3248.358283,2828.124235,3284.349315,3016.321624,2444.043678,1703.370995,1215.684309,1247.197074,1359.625921,1683.101213,2270.014698
Los Amigos,4732.302869,4215.044816,5538.200249,4977.790854,4863.724448,4944.554363,4945.929571,4993.81673,5178.207488,5413.655021,5503.10069,5526.098201
Los Glaciares,1250.919759,1201.595025,889.0384798,1212.94537,1052.629097,507.3137476,69.73958767,-201.1578452,-128.6394589,-42.36088125,132.2556996,520.7767093
Lower Arataye,3925.106766,3475.057662,4851.383989,4296.459778,3683.885822,3674.211263,3631.3265,3951.908305,4278.916113,4644.641734,5184.770828,4898.418585
Luando,4485.825333,4317.640138,4376.360923,4493.066343,4182.85982,3927.052527,3365.158822,2807.218508,2167.731335,2156.093728,3289.755001,4072.900876
Luengue Luiana,3816.102115,3907.675714,2663.501344,3706.606924,3581.604089,3054.744436,2558.032121,2214.674546,1963.287901,1691.136938,1839.656643,2169.685082
Madidi,4071.741823,4104.447969,4940.354736,4411.160108,4629.243927,4827.260636,4645.543282,4581.331673,4658.527395,4609.675968,5074.865098,4953.282566
Madjoari,1346.862994,1325.888897,2085.985018,1523.7979,1428.944278,1707.186382,2349.233986,3381.647008,4174.454216,4315.183929,4107.157001,2966.445954
Mae Sa-Kog,3679.276675,3485.246348,4455.817203,4019.403635,3543.685831,3999.647759,4317.636561,3555.845168,3626.306962,4102.58992,4512.502663,4698.066782
Mae Tuen,3233.725514,2699.61753,4317.603051,3817.672167,2763.400069,3737.141267,4403.943694,3778.292431,3514.732881,4213.018509,4333.10166,4386.260634
Mae Wong,4426.212197,3897.721356,5157.718501,4937.558629,3923.01472,4775.299533,5366.029458,4658.160618,4198.424537,5012.797108,4771.306362,4918.310313
Mago,2768.905904,2208.780442,3666.37484,3277.630718,2404.749873,3791.637078,4309.370027,3384.043166,2900.701464,2999.473983,3013.006547,3475.184235
Mahale Mountains,4891.069855,5445.96031,3950.817186,4499.664437,5163.383644,4848.18522,4620.283144,3776.63662,3163.224776,2727.508968,2932.770797,3329.385569
Mahango,3658.213013,3893.430899,2393.343359,3443.643996,3613.225848,3043.277927,2456.053451,2067.136228,1801.551336,1643.122555,1704.220258,1952.195695
Majete,4546.226376,4882.964983,2240.650862,3454.407111,4758.85971,4250.294701,3561.852602,2962.147084,2454.136782,1942.538244,1651.617066,1725.783277
Mamirau�,5027.935267,4457.671355,5261.01066,5062.788287,4567.795559,4282.063346,4286.864752,4457.570709,4899.598253,5588.892619,5699.721346,5598.446272
Mana Pools,4035.263513,4351.44443,2477.622138,3496.466936,3903.097059,3232.487858,2804.20922,2485.814636,2214.005373,2021.95482,2022.907447,2090.232771
Manas,2969.178293,2617.951944,4139.103673,3550.409656,2950.564131,3974.890403,4707.577679,4346.605855,4511.830403,4551.563351,4858.580634,4476.682624
Manda,1408.288005,1263.508961,2922.859428,2076.904972,1571.209031,2004.950375,2643.775904,4108.509692,4958.68784,5330.762511,5023.794095,3892.507492
Mandelia,1989.399036,1825.086377,2345.885266,2228.091722,1689.954439,1659.961197,1727.762871,2231.314172,3662.73837,4327.186153,3100.238086,2496.884636
Manovo Gounda Saint Floris,1499.659422,1618.221579,2783.347659,1958.540349,2033.510482,2443.414717,3112.743915,4270.629744,4922.104819,5112.441886,4717.171093,3637.195526
Manu,4696.580766,4706.431977,5377.879979,5154.192816,4856.303873,5036.533079,4925.82483,4891.966519,5089.502932,5305.373643,5415.702379,5525.818214
Maputo,4239.313424,4374.727561,3393.388293,4093.992329,4045.091885,3787.323617,3185.202558,2636.30187,2188.818775,2023.133289,2060.990553,2686.986419
Maraca,4412.843664,4257.25198,4971.971121,4575.634576,4242.682574,4064.684448,4183.413494,4669.967294,5193.877406,5382.915138,5474.830662,5343.292204
Mare aux Hippopotames,1653.882796,1592.734688,2437.567618,1914.776872,1696.032494,1925.079361,2358.355283,3024.431625,3976.424442,4439.831974,4098.326087,3114.318681
Marromeu,4536.141562,4874.600198,3007.811534,3642.181917,5024.011998,4990.375197,4611.363721,4261.606459,3987.448316,3744.619847,3359.000839,3122.090992
Marsabit,3592.443209,3004.455111,3386.361945,3994.490146,2639.117328,3405.9664,3911.022498,3054.627207,2553.966785,2345.167153,2143.932373,2594.162687
Masai Mara,3774.948935,3285.78234,2871.497779,3504.227079,3333.066996,3855.162579,3979.327092,3388.278017,2478.963968,2274.803911,2430.484231,2487.580305
Massif du Ziama,3961.244867,4653.623338,4086.69593,4019.651512,4747.534174,4733.634671,4525.248783,3542.334295,2894.962408,3052.168359,4075.781209,4267.733493
Mata Atlantica,4158.404236,4263.667027,3624.111801,3972.200154,4184.287556,3827.88262,3267.676414,2803.475498,2420.616019,2256.001191,2506.4166,3024.644053
Matang,4826.969819,4581.877796,4439.170748,4709.821283,4565.282465,4459.480709,4618.891505,4748.363277,4675.863329,4500.138106,4485.14587,4371.339818
Matao de Cosmopolis,4785.976841,4601.52035,4084.07662,4727.127575,4381.588172,4031.359082,3616.48313,3325.537179,3037.95315,2945.177485,3219.05459,3654.458701
Matobo,3818.390757,3729.172782,2627.751861,3509.400285,3437.914494,3044.111337,2576.95659,2203.039475,1984.477824,1830.263898,1829.710979,2092.17892
Matusadona,4249.552718,4234.240206,2387.459618,3589.226269,4235.287154,3665.427633,3129.170238,2707.735425,2337.235539,1983.222831,1821.059674,1940.290045
Mavinga,4091.539765,4088.490405,3254.897436,4002.380995,3799.307959,3272.934003,2827.005043,2506.706354,2251.529997,2144.050712,2307.323036,2703.117707
Maya,5209.340124,5129.264056,5239.336813,5180.091051,5130.807183,5203.660355,5271.199126,5515.406149,5702.737733,5592.872575,5328.786242,5258.485821
Mbam et Djerem,3338.685445,3850.347499,4090.984419,3575.829413,4201.86774,4583.950882,5104.766889,4294.85013,3401.90921,3710.683881,4399.712132,4448.452238
Mburucuya,3678.360367,3746.060784,3465.134458,3683.290305,3544.869428,3268.392304,3126.866866,2847.911147,2673.439573,2651.773831,2935.162047,3225.134574
MCSE Reserves,4551.964462,4566.932186,5069.233844,4929.045261,4693.832465,4514.657838,4594.81965,4869.269063,5227.484199,5417.309111,5500.484119,5440.624074
Meru,2871.659248,2083.6692,3811.07885,4024.708519,2254.056388,3523.3949,3057.152016,2043.11447,1648.88652,1539.210486,1549.285968,2282.349746
Mestre Alvaro,3499.415316,3479.035955,3077.010503,3372.334854,3488.510274,3424.461505,3313.798333,3199.182789,3088.515373,2999.433532,2792.240687,2943.502879
Mikumi,4822.234247,5108.922839,2982.532288,4138.933943,4996.235785,4760.815687,4864.823968,4589.056654,4038.528306,3455.459653,2854.741009,2674.686038
Minneriya,3995.056145,4211.839113,4256.38971,4143.871001,4271.345648,4396.199483,4216.496461,3967.552143,4023.920315,4085.88738,4355.344149,4379.346416
Mocamedes,523.7671147,573.3566427,521.8775442,515.7398587,680.4076215,755.862577,659.5337774,620.8270234,601.3894638,602.9812579,578.0910196,535.8867799
Mont Fouari,3358.154341,3856.686035,3172.500744,3594.305281,4093.141406,3702.303412,3160.612125,2729.564292,2144.751831,1790.773725,1527.973989,2337.861688
Montes Azules,4788.540318,4775.750832,4926.141826,4809.021918,4806.066068,4849.929703,4693.9536,4915.348875,5414.227439,5363.230336,4961.434543,4792.072625
Morombi,5555.850064,5369.840427,5503.941104,5660.541721,5286.392633,5036.375606,4704.884585,4187.514529,3987.557949,3881.647749,4411.738829,5136.60866
Mount Assirik,1389.320261,1313.461186,2989.288469,2123.533479,1461.222743,1591.622581,1775.243885,3015.716368,4312.370989,4946.12638,4870.569033,3765.277547
Mount Elgon,3156.074811,3087.726288,2922.140414,3170.264856,2931.496881,2752.716453,3048.320104,2752.685331,2492.607611,2771.708059,3038.26326,2656.533158
Mount Kenya,1684.45399,1723.307501,1587.214201,1712.550213,1706.80912,1629.643897,1765.623232,1714.545327,1642.000652,1661.361093,1663.39225,1529.743676
Mount Nimba Strict,3227.116813,3529.548545,4081.754811,3628.97601,4149.419095,4638.278849,4363.982551,3512.074184,3010.895263,3112.529936,4222.343236,4415.913186
Mt Tumpa,4301.290025,4406.000337,4291.412823,4376.17122,4619.54826,4634.159294,4784.640622,4790.009311,4671.864705,4525.0645,4364.537991,4394.443422
Mudumu,3500.684038,3708.531994,2304.580715,3133.330002,3536.301764,2976.339163,2431.901222,2042.243104,1769.209911,1597.40078,1526.389601,1760.800581
Mupa,3685.612561,4107.477427,2515.003717,3464.463227,3979.485574,3510.553055,2748.738289,2224.024837,1905.070125,1765.008344,1801.84294,1961.757211
Murchison Falls,2383.081812,1748.276986,3969.869925,3279.725715,2612.036803,4333.496168,5113.582163,4889.380112,4553.0707,4559.20899,4513.869991,4351.10474
Mushandike,3680.672019,3626.746874,2571.76574,3321.994789,3438.955957,3054.754195,2625.099612,2258.930017,1911.52137,1818.964393,1912.521818,2106.01115
Mwabvi,4520.978714,4764.164358,2383.363646,3617.828396,4687.473785,4021.652989,3293.530644,2680.590008,2194.125678,1804.400993,1659.617859,1883.920435
Mweru Wantipa,4547.218664,4689.403375,4012.333434,4667.88549,4414.559383,4031.053726,3278.08635,2412.298696,1829.509851,1793.583923,2382.260601,3092.705341
Nacunan,1760.407702,1820.841153,1552.936814,1644.278411,1861.631726,1763.845515,1608.156628,1426.533608,1274.369282,1263.392536,1369.174547,1543.710513
Nagarhole,3230.482176,2769.452763,4262.751041,3830.551727,2864.067141,4166.209193,4887.828803,4006.164699,3856.312748,4263.012609,4628.162159,4283.498696
Nahuel Huapi,2487.66766,2389.879972,2009.429743,2481.977548,2139.789895,1662.980503,1179.172842,649.2792311,508.7375497,569.7078504,860.6956255,1451.184643
Nairobi,2417.740271,2168.421706,2289.775838,2557.117235,2117.056473,2620.979907,3140.089158,2830.03987,2054.211744,1781.033611,1668.271948,1670.095821
Nam Et-Phou Louey,4314.251975,4238.878856,5078.775406,4873.152186,4288.450579,4754.353894,4577.609693,4336.880672,4357.874285,5246.268255,5412.055834,5247.899853
Nam Ha,4550.821639,4532.823609,5022.959497,4734.121658,4663.30511,4876.420722,4802.515196,4241.613056,3740.967891,4760.684814,5161.338285,5081.652189
Nam Kading,4590.934946,4494.878314,4906.194165,4601.878145,4808.586831,5116.567207,4244.82213,3721.780053,3734.558309,4188.118122,5136.788399,4938.22534
Nam Khan,4647.625206,4823.007464,5029.636638,4782.243388,5050.066557,5016.4234,4397.003504,3547.59255,3041.103198,4160.519003,4887.013952,4876.086507
Nam Nao,4075.040075,3751.828189,4655.950088,4385.435925,3922.776087,4662.382777,4802.894235,4585.864314,4434.192062,4630.884236,4606.403985,4727.437396
Namaqua,1108.765811,1100.053486,1202.636778,1146.648393,1097.177474,1146.43154,1210.672341,1383.433482,1522.299452,1537.601966,1392.572225,1268.273872
Namdapha,3653.595169,3531.824005,4146.822548,3857.154508,3022.207683,3143.884407,3875.667805,3331.903542,3569.924967,3586.350697,4333.75857,4298.991898
Nameri,3269.800157,3050.695556,3969.970232,3565.909978,3027.017773,3658.250823,4146.921186,3837.600736,3967.252307,4245.530628,4662.115087,4333.359866
Namib Naukluft,933.8950299,934.1993898,943.7363655,950.3957423,946.595873,943.8931121,935.5487979,929.684164,938.8916517,954.0721801,959.6929655,955.3126443
Nanda Devi,-377.7383788,-445.8174102,-276.0575779,-240.1167586,-542.5454096,-552.3814435,-342.9057047,-44.62767775,222.1413272,179.6785558,-230.5382358,-290.6177959
Natal,3800.633427,3879.6213,2755.750662,3419.065973,3588.927727,3072.966458,2400.889648,1929.204928,1630.921604,1481.410331,1644.284096,2262.642482
Ngoc Son Ngo Luong,2645.549613,2543.490843,4150.837719,3724.724613,2882.767993,3964.426613,4628.855145,5100.987422,4837.829295,5123.322765,5127.767466,4437.191072
Ngorongoro,2257.185627,2012.706218,1381.058301,1984.46183,2273.378923,2308.544158,1782.779954,1314.49831,1168.189208,1097.328377,1105.030271,1120.303789
Ngotto Forest,3583.88757,4086.377359,4388.801755,3760.806094,4725.291463,4696.305249,4819.876864,4530.942988,4247.048243,4726.392107,4845.566754,4529.228644
Niassa,4444.157459,4565.621081,2219.362522,3568.272854,4525.893532,4311.942254,3723.681594,3064.266019,2602.537139,2118.434324,1654.604388,1846.072866
Nilgiri,2721.143997,2204.850271,3776.76436,3354.872198,2081.487501,2563.2301,3528.374151,3479.167497,3148.969321,3420.192343,3455.082763,3674.574192
Nkasa Rupara,3553.966209,3593.355582,2364.606345,3067.585839,3261.696575,2821.799731,2378.363105,2006.575648,1759.615326,1688.50663,1818.132695,2019.105587
Nkhotakota,4043.551761,4460.767997,3204.087085,3933.357369,4127.048054,4336.508386,4076.668103,3618.121714,3274.178242,2862.969271,2514.678551,2552.069654
Noel Kempff Mercado,4644.688785,4913.040762,5281.163333,4948.437589,4805.905824,4812.29242,4648.973945,4411.855961,4310.039931,4450.365489,4664.117803,5278.723307
Noroeste,2578.792115,4794.013755,1844.912669,1861.77066,5642.696477,5324.057379,4561.524885,3524.44373,2783.162491,2313.702908,2079.157429,1985.033519
North Palizada,4455.684618,4247.127685,4936.255504,4635.92368,3845.185827,3410.266534,3649.114555,4794.981567,5166.158597,5294.523679,5087.66638,5071.819761
Nouabale Ndoki,3587.621475,4095.930131,4183.37102,3835.273989,4587.427886,4587.479567,4722.768156,4125.130517,3922.314542,4436.937341,4642.122148,4175.453094
Nyanga Nord,3393.171779,3803.815603,2807.304463,3407.985555,4099.457092,3716.265366,3084.342171,2528.203539,1916.305558,1507.025022,1192.683972,2160.545694
Nyika,4239.177811,4670.209171,2472.383824,3378.408036,4314.643569,4158.050756,3461.376769,2488.809057,1881.278544,1672.339229,1798.203669,2009.228054
Nyungwe,3694.792988,3753.682041,2819.194878,3614.916847,3974.175181,3043.645539,3470.50713,4049.936294,4012.020383,4030.308916,3904.857857,3130.732669
Odzala Kokoua,3718.794724,4358.669378,4702.909924,3922.465473,4666.891168,4909.381418,4980.583001,4500.398963,4323.718007,4434.693404,4844.334428,4805.51737
Okavango Delta,3052.396762,3054.784559,2522.395133,2919.513547,3001.013292,2633.643214,2306.291987,1977.026513,1810.027585,1793.495606,1987.013314,2233.10042
Omkoi,3893.078212,3568.322868,4480.482142,4213.565007,3589.627271,4225.639038,4236.664655,3373.544507,3036.244358,3592.799956,4021.872291,4294.861343
Omo,2265.680344,1756.600859,3105.990234,2754.79919,1997.341343,3548.922406,4377.916692,3732.885462,3136.456617,2892.193294,2799.119001,3100.83078
Orang,1579.568783,1456.166986,2088.943224,1826.036683,1503.876939,2009.030487,2477.645855,2357.642258,2070.555392,2076.136121,2407.473997,2300.172576
Otamendi,4101.73876,4305.356896,3781.125046,4018.578737,3927.890141,3312.39963,2930.042394,2591.300059,2554.695031,2661.581952,3170.403745,3656.432237
Otishi,2366.739047,1929.995554,2584.867483,2300.40586,2583.888841,3119.706267,3382.095678,3357.052918,3545.015333,3414.328084,3055.127273,2709.991635
Ouadi Rime Ouadi Achim,873.369722,882.2819378,883.7288001,885.619768,881.3480585,878.9378182,869.0363107,852.1386511,839.3226945,902.3562307,926.1404005,892.1007195
Palamau,2427.827381,2256.830489,3204.458386,2743.384857,2107.441894,2021.83391,2197.163423,2830.306302,3631.781273,4111.038234,4216.586291,3749.502826
Palo Verde,3723.648861,3245.968427,4949.553414,4417.045162,3132.259365,3353.743124,4372.407257,5397.661806,5360.211466,5263.259183,5349.509557,5077.009831
Pama,1238.011733,1285.325557,1852.66619,1291.198903,1358.949322,1617.609667,2228.372941,3143.325605,3837.546022,4314.439906,4267.978802,2940.282133
Pang Sida,4014.022233,3841.432048,4408.989232,4170.033976,4018.628018,4215.48848,4199.338333,4091.691916,3789.070526,4302.468853,4554.935166,4613.423713
Pantanal,4395.099161,4283.778388,4436.34859,4550.318724,4204.679358,3995.656654,3830.901938,3566.333756,3268.114015,3045.773631,3497.056881,4151.496352
Paracou,3680.505979,3561.084504,4420.316965,4165.352546,3445.804702,3547.193736,3767.145484,4101.83196,4369.43718,4752.36721,4879.498652,4604.594153
Parc National du Diawling,1358.448593,1411.961621,1365.093173,1364.813181,1351.698055,1362.571821,1339.845161,1270.108955,1294.53591,1564.691584,1507.362056,1399.379293
Parc W Niger,1599.450295,1492.885973,2318.548548,1839.392794,1484.63152,1603.128934,1930.495562,2679.149371,3975.54761,4860.551093,4363.159333,2951.296283
Pasoh,4732.098704,4815.71397,4782.070043,4700.422053,4918.297234,5172.595625,5191.450579,5335.457765,5132.911262,5391.804517,5143.77537,4987.096466
Payamino,4974.359487,4118.225457,5409.732727,5258.942709,5067.5747,4473.698765,4731.948541,4581.87746,4947.657648,5327.769474,5993.382052,5800.574395
Pench,2661.530076,2276.36887,3667.326456,3141.750866,1930.34564,1956.973713,2207.034573,3177.685566,3859.376009,4643.2029,4722.679743,4012.214843
Perito Moreno,1645.844144,1552.823808,1330.074081,1609.41313,1429.430877,1221.272179,692.9897398,22.77724035,-76.35562502,143.1946566,683.4311794,1032.332618
Periyar,3844.653906,3779.98764,3863.567818,3911.853334,4067.009784,4330.430801,4169.046407,2922.992184,2695.345667,3669.98621,4132.134919,3731.196451
Phou Hin Poun,3374.250974,3379.62828,3800.644092,3489.828481,3765.520485,4505.110656,4037.378223,3569.121462,3178.818577,3552.34101,4314.826367,4100.756768
Phou Khao Khouay,4384.301372,4294.688947,4832.911064,4645.274053,4526.277107,4699.325112,4294.961442,4167.852801,4118.171801,4652.513916,5263.27998,5069.022164
Phou Xang He,4242.678351,4146.224676,4731.551059,4425.854165,4400.774974,4892.652627,4464.934552,3739.30716,3154.185885,3955.553972,4575.888139,4829.849059
Phu Hin Rong Kla,4035.266391,3750.817214,4886.569482,4503.583903,3808.599273,4161.034936,4421.951585,4334.175986,4052.010685,4291.233203,4874.847819,5124.19388
Phu Khiao,4248.02006,4222.796597,4514.907129,4410.889993,4580.252544,5157.511655,4768.862717,4433.546264,4088.518973,4344.439723,4543.247332,4529.684467
Phu Luang,4398.087215,4421.000123,4694.608792,4579.606435,4638.528843,4790.677997,4305.22889,3595.350827,3205.16542,3716.359045,4272.529117,4644.978805
Phu Phan,3492.490821,3130.63649,4373.790853,3851.814772,3563.867641,4453.736511,4690.457197,4552.42747,4034.357683,4408.238363,4874.261246,4655.976804
Planada,3572.911997,3374.328596,4206.607739,3717.561549,3817.813771,4439.88377,3894.342156,4205.394081,4381.737641,4630.293573,4287.81072,4093.71199
Punta Sal,3806.879698,3838.033575,3838.95548,3743.462296,3961.366842,4197.754901,4037.752947,4118.817132,4227.023854,4272.592298,4172.534444,3807.466031
Quedas do Rio Bonito,4251.297824,4392.726278,3718.714058,4341.012372,4236.395428,3961.831009,3478.729868,3052.288428,2716.224202,2512.528026,2807.55183,3299.006433
Qui��ma,2947.578896,3105.287172,2307.361346,3139.464499,3750.716161,4305.430455,3963.166134,3072.630739,2442.170287,2058.732491,1970.319507,1931.455197
Rajaji,2661.494511,2524.831748,3320.679513,2932.32198,2457.928395,2442.247063,2521.538272,3258.818967,4208.926558,4593.588863,4401.313986,3763.572138
Rara Avis,4926.592244,4974.386108,4756.597632,5097.209196,5377.259555,5206.323461,5046.732552,4761.766737,4623.115614,5280.844504,5382.547814,4948.220494
Raspaculo,5127.163798,4866.524653,5137.979184,5056.901353,5052.336825,5347.084648,5007.071944,5444.584754,5819.048614,5611.933042,5511.291515,5255.108846
Reserve de faune de Gadabedji,1081.233412,1066.730696,1147.651818,1115.122995,1059.955436,1073.199886,1097.328133,1188.553779,1788.396525,2587.648554,1609.605247,1249.914149
Rio Cunucunuma,5303.919996,5268.571246,5119.757751,5076.375489,5166.441023,4808.282951,4677.231072,4581.134724,4553.711566,4792.329464,5104.304833,5100.214433
Rio Negro,5323.55293,5244.699085,5014.360724,5482.505634,5045.492087,4812.68385,4444.9809,4037.078618,3479.792209,2839.387088,2801.764718,4004.665573
Rio Pilcomayo,4168.140843,4147.297163,3965.286476,4346.38255,4007.91998,3999.036683,3887.439493,3769.085776,3443.572906,3156.848915,3120.654576,3833.316423
Rio Pongo,2396.445567,2294.826816,2951.946993,2642.53294,2301.424432,2340.734897,2249.637191,2289.546787,2176.845054,2579.925634,3175.327336,3093.446276
Ruaha,4250.71552,4650.214368,1974.751546,3165.574145,4587.589995,4020.820591,3102.943279,2430.108796,2119.57582,1960.678718,1842.602578,1841.753241
Rusizi,4006.936819,4035.89835,3612.274735,4048.316173,4189.656109,4181.978156,3736.989688,3042.82909,2583.18438,2395.019344,2659.723537,3008.725726
Ruvubu,4381.709671,4295.979355,3884.180144,4485.583538,4140.56528,3910.49276,3613.368399,2684.230514,2252.443462,2333.021331,2745.383126,3182.874731
Rwenzori Mountains,3023.62217,3153.256294,2428.69728,2956.235881,2844.140506,2575.375479,2879.233101,2656.294506,2110.84436,2522.313787,2820.551326,2233.780574
Sabancuy,3716.664495,3602.381398,3860.357303,3783.502042,3464.10818,3408.353721,3303.579717,3669.272273,4078.577684,4068.357453,4071.891666,3899.351448
Sagarmatha,53.53813023,-117.8684721,173.493287,222.9705267,-122.1641338,116.3923452,396.0882423,645.4305753,728.2002415,779.791505,400.0042564,195.6256575
Sahel,1010.453239,991.6114676,1103.229192,1050.908635,968.9908386,939.5665596,940.5239299,1068.12402,1684.249448,2280.344984,1616.807397,1195.8413
Sai Yok,3813.677064,3344.716267,5059.758497,4486.651611,3611.772248,4499.551862,5081.808036,4549.267604,4272.85939,4775.469044,5188.946697,5402.718849
Sakaerat,3676.617925,3357.432177,4745.171001,4229.931827,3716.210958,4341.091724,4761.083544,4748.004843,4510.394479,4789.837754,4899.471421,4920.766502
Salawin,3839.192436,3310.18751,4685.86932,4296.126184,2740.376009,3210.738485,4005.495966,3718.231347,3471.236534,3757.527322,4566.083802,4850.01166
Salonga,4239.035919,4715.681273,4758.554097,4498.731244,4811.188901,5203.063432,4832.843466,4470.021355,4138.075194,4604.919238,4733.226506,4962.23152
Samburu,1815.573531,1423.45344,2212.057257,2440.994646,1506.027327,2123.683867,1916.820489,1412.082072,1269.853852,1249.976815,1261.192351,1591.623551
San Carlos,4539.582186,4206.979355,4749.889938,4782.74407,4651.977935,4939.524509,4972.771534,4893.825309,4823.515989,4857.544873,4933.370746,4918.538296
Sanjay Gandhi,1979.689524,1781.587921,2691.478011,2297.164434,1763.44496,1867.267068,2067.717042,1893.354098,2067.564252,2793.564657,3328.336075,3007.606024
Santa Lucia,4899.789936,5214.957265,4210.478921,4561.468903,4887.043344,4777.938131,4562.960474,4406.671238,4262.394931,4118.64375,4069.447965,4163.704978
Sarstoon-Temash,4756.53232,4526.802215,4711.835414,4652.376105,4781.769486,5235.712139,5070.590446,4811.761868,4747.327028,4841.04259,4864.3415,4908.067719
Selous,3885.668357,4172.075522,2539.9585,3554.937007,4294.908234,4387.220319,4102.028924,3475.820889,2738.133715,2198.445292,1934.472418,1957.646439
Serengeti,3738.434952,3097.646689,2353.276646,3295.048795,3112.024632,3578.454406,3261.716778,2199.730714,1602.663567,1590.348439,1834.993826,1968.96607
Serra da Bocaina,4851.969454,5076.390778,4683.357672,5038.504801,4831.800868,4622.334651,4412.671371,4251.290629,4185.849275,4231.1402,4323.291999,4278.012159
Serra do Amolar,4196.473818,4128.484837,4319.798357,4411.908408,3813.738527,3490.808522,3244.675434,3137.243096,3109.101491,3207.889292,3665.313373,4108.225202
Serra do Cipo,3160.445353,3276.998659,2902.68834,3086.483317,3209.53323,3117.46376,2849.537549,2604.214409,2397.589905,2294.721884,2402.363025,2642.154289
Serra do Facao,3951.342113,3935.672647,3514.226504,3618.780868,3843.546718,3455.535175,3014.164269,2593.195669,2298.460003,2152.346847,2364.996135,2866.895421
Serra do Tocantins,2776.00267,2843.011821,2416.613359,2686.899609,2836.121439,2679.723095,2404.364193,2168.659813,1999.695105,1926.412361,1903.666934,2059.710391
Serrania San Luis,5240.465755,5119.417976,5114.976537,5330.277412,4817.379548,4640.142752,4243.449074,3807.440545,3354.411293,3039.169306,3373.473115,4620.910697
Shimba Hills,3984.716318,3654.945445,4021.14511,4151.542818,3404.340251,3920.761461,4407.659193,4215.805458,3955.182165,4016.865376,3774.724756,3656.09326
Shipstern,2521.35533,2432.275295,2589.738226,2490.581794,2331.566141,2413.716628,2425.297826,2560.41821,2723.338035,2605.306713,2546.867818,2602.90087
Siberut,4360.535083,4685.306742,3876.287674,4294.342659,4660.944808,4660.880016,4829.996942,4763.518719,4844.636742,4551.997476,4395.314424,3690.764229
Sierra de Agalta,4440.126924,4420.402671,4618.842622,4530.10326,4514.911078,4472.892862,4106.623493,4278.887883,4875.223275,4896.479281,4586.041614,4189.520523
Sierra del Divisor,4718.193628,4546.207771,5334.876786,5105.966737,4474.172255,4893.291061,4803.477271,4836.467178,5140.40348,5216.180188,5597.900364,5548.825185
Silvestre Tahuamanu,4961.198056,4776.096454,5722.913405,5356.793344,5208.489105,5175.296275,5268.667765,5155.891361,5072.880274,5103.026888,5460.945261,5748.866464
Simien Mountains,1239.026116,1152.893764,1760.737581,1422.679432,1184.630218,1298.125175,1495.370756,1634.853724,2403.268265,3540.190198,3231.108871,2274.756694
Simlipal,2896.321093,2594.531908,3733.725533,3210.935504,2556.2579,2836.764645,3346.144415,3610.559749,3664.148207,4162.3188,4599.570245,4251.1964
Singou,1139.173291,1166.42805,1749.693514,1149.06207,1219.555099,1439.370499,1913.208875,2767.694012,3866.46304,4426.522681,4381.235022,2827.710348
Sinharaja,4675.992639,4792.922748,4570.060801,4776.240109,5001.142765,4586.361182,3906.609149,3898.544391,3814.415818,4100.385671,4670.085823,4396.514301
Siniaka Minia,1277.144828,1271.576546,2459.364898,1649.150807,1313.21989,1489.331986,1909.239019,3417.858834,4667.188709,5386.76621,5130.503233,3331.259138
Skeleton Coast,618.9575826,627.5588185,634.6096277,633.8414528,631.5284966,630.1649502,633.5056604,641.900344,656.0560551,677.8154067,663.5272985,643.6493942
South Palizada,4148.50637,3906.158909,4513.497649,4306.060241,3628.199398,3410.378069,3515.081789,4223.523542,4592.949508,4746.196587,4669.331622,4632.462308
Sundarbans,2642.029466,2426.728616,2908.791155,2738.111193,2367.382391,2293.300027,2031.050224,2060.617558,2373.785617,2397.965959,2965.358185,3056.048712
Sungai Lalang,4158.250294,4558.65544,4008.658811,4093.742194,4702.323937,4583.839184,4474.574381,4366.027618,4256.462933,4517.474572,4456.619069,4146.391705
Tabin,4058.817859,4478.526499,4934.910466,4812.978115,4991.798356,5198.413796,5515.27981,5566.409224,5799.909063,5719.029131,5835.177292,5202.371155
Tadoba Andhari,2635.764139,2128.289933,3669.962423,3118.524662,1729.759519,1737.185561,1934.408357,2901.184208,3633.993307,4505.00319,4565.34982,4037.089706
Tai Forest,3512.721716,3965.006024,3456.205132,3580.951037,4276.556159,4367.252574,3936.082134,3133.438269,3014.640033,2730.267718,3425.269,3537.109052
Tam Dao,2378.12851,2115.288561,4041.292853,3489.208143,2106.610787,3198.876913,3877.478402,3806.861489,4416.61443,4517.445983,4462.748839,4183.692294
Taman Negara,4270.208029,4632.259265,3862.631633,3972.452921,4886.143372,4831.374737,4610.192956,4535.196534,4644.430987,4700.678135,4700.80107,4549.265201
Tamanthi,4136.960467,4040.065413,4550.283814,4295.935854,4126.172122,4301.231549,4090.893642,3129.90401,3400.278368,4101.504341,4742.916897,4675.94983
Tamou,1779.499882,1653.415798,2312.874688,2008.884257,1606.804448,1656.733317,1845.339498,2503.211957,3491.749643,4094.35321,3502.248338,2713.68393
Tangkoko,4587.630162,4838.720612,4500.786982,4670.938636,5040.663838,4995.103749,5284.161881,5321.780388,5103.082043,5141.940624,4979.775531,4800.125882
Tanjung Puting,4387.985668,4780.622103,4221.58949,4220.058053,4603.910997,4816.31674,4768.576858,4711.273063,4585.698997,4668.173939,4596.568735,4319.962382
Tansa,2085.693975,1744.369777,2940.687232,2451.899906,1569.938216,1594.702539,1729.232842,2219.288463,2840.596896,4146.659935,4633.218727,3500.668712
Taranga Hill,2784.069919,2569.917442,2775.17122,2755.762313,2117.312726,2236.029365,2251.010466,2203.588463,2689.72782,3511.329636,3510.629809,3027.517417
Tarangire,3356.624719,3407.464138,1540.844367,2760.181457,3589.161863,3721.924655,2980.257765,2059.441349,1645.075023,1492.953128,1403.552951,1410.723045
Tasek Bera,4550.873599,4832.926234,4406.295698,4416.077111,4826.795907,4864.913216,4890.7086,4946.059183,4751.572695,5087.835509,4901.987743,4648.895089
Teniente Enciso,4114.843137,4180.633526,3250.057755,4006.194612,4234.690502,3902.864009,3484.579781,3067.404944,2673.45923,2389.645896,2369.710453,2740.674589
Thap Lan,4111.014067,3967.362324,4760.801552,4398.410374,4317.69855,4524.07721,4624.897149,4264.866512,4169.088808,4562.016648,4860.772752,4933.981895
Thung Yai Naresuan,4271.634825,4007.868135,4796.724395,4626.168981,4445.37471,5131.521591,5017.825066,4450.288512,3620.346289,4118.203986,4586.054596,4808.581588
Tierra del Fuego,2967.198237,2900.707051,2516.654236,2876.1747,2469.173316,1392.619938,493.769129,182.5820901,265.6194169,837.622558,1317.806579,2083.209939
Tijuca,4709.425254,4838.456409,4039.970375,4696.906808,4763.75113,4710.776279,4161.539813,3645.364698,3289.815369,3075.191742,3130.265278,3598.186643
Tinfunque,3984.08103,4065.263905,3569.991513,3941.030973,3851.628085,3774.726414,3687.791024,3343.046945,2999.119155,2723.12128,2805.836713,3254.273076
Tiputini,4948.030894,4522.236903,4975.590075,4723.594126,4326.388358,3821.821644,3633.700658,3741.005619,4336.066759,5002.17835,5220.065974,5110.998582
Ton Nga Chang,4458.731698,4680.162022,4273.552665,4125.280733,5134.38603,5551.006143,5396.507474,5491.250347,5437.307313,5303.098278,5059.197736,4435.314469
Tongwe,3951.309836,3165.17398,4335.413428,4355.88067,3038.745903,4435.349035,5284.119512,4892.366807,4105.273677,3784.28307,3327.113154,3493.490399
Torres del Paine,-468.0317989,-488.0925523,-453.9701089,-309.0396499,-489.8539975,-563.3946589,-643.4640249,-742.5427022,-707.6117944,-615.0554144,-561.0499264,-492.6243089
Tsavo,2595.909109,1996.685238,2242.901842,3020.434746,1915.789812,2332.3678,1717.837686,1437.537402,1371.629539,1333.903608,1317.807327,1429.628282
Tsoulou,3721.036553,4011.051661,2637.216834,3486.765559,4215.4021,3957.531581,3052.919032,2418.367996,1666.229693,1222.963958,1072.656993,1839.326825
Ulla Ulla,1119.55133,1210.826374,976.5360511,1080.43465,1271.157331,1192.863974,999.7976823,876.4782851,796.7425503,792.4455808,831.9719922,887.0970502
Ulu Muda,5078.405561,5108.336919,4624.102887,4655.192674,5710.255826,5461.865893,5062.335522,5213.893859,5157.015761,5044.065869,5018.345446,4726.218339
Ulu Temburong,4316.774358,4619.640715,4346.824965,4458.024945,4935.968445,4783.366988,4846.967428,5029.25929,5091.166928,5186.599968,5044.007531,4558.77095
Umphang,4137.9857,3715.118174,4826.844735,4506.031351,3827.673023,4532.47598,4613.358044,3634.753398,2941.882393,3693.525197,4586.644442,5083.492363
Volcans,3764.753461,3682.019933,3770.087163,3983.378592,3673.334635,3309.597277,3844.018913,3996.546495,3591.813247,3333.635754,3681.249154,3652.173376
Vwaza Marsh,4245.379182,4566.188793,2212.416924,3399.774112,4470.578477,4107.527156,3314.124547,2571.048215,2018.361736,1747.811093,1721.403883,1873.895284
W,1299.381535,1318.372449,2124.308383,1415.096729,1426.192314,1734.124143,2314.282157,3242.646182,4367.924545,5156.085431,4749.607567,3031.856164
Waterberg Plateau,2697.178809,2882.306316,1924.045767,2384.090458,2827.61359,2498.050234,2066.10418,1719.471894,1535.519973,1446.152832,1504.593225,1713.048529
Way Kambas,4034.448128,4325.724259,3655.28894,3859.56159,4738.966745,4559.77913,4619.534067,4568.589089,4356.706018,4308.874375,4180.965055,3812.234076
Waza,1435.53925,1322.274174,1936.343002,1583.877359,1210.459387,1243.004378,1311.895625,1628.379116,2996.425098,4112.296171,3102.635639,2365.994112
West Centla,3265.906627,3235.997754,3132.347061,3233.107985,3440.519824,3860.822943,4098.026273,3797.52775,3837.129659,3805.173945,3277.503671,3042.556472
West Lunga,4398.43931,4544.19637,4455.156835,4674.289972,4310.810881,4045.111027,3553.318856,3127.851669,2843.424196,2714.896677,3183.25981,3768.043596
Wilpattu�,4270.322606,4389.594315,4163.719461,4249.647092,4460.141046,4342.117046,4355.428141,4389.942973,4440.508083,4279.725093,4416.395364,4299.047374
Xe Pian,4685.374876,4665.7824,4847.620804,4737.873038,5013.826851,4984.211911,4433.49409,4179.188549,4001.708931,4190.759425,4450.055392,4968.924764
Xishuangbanna,4034.7632,3781.11723,4952.52663,4465.381175,4447.463472,4773.058425,5000.558904,4754.563496,4533.792157,5290.542631,5498.891945,5168.093508
Xixuau,4863.610322,4493.766659,5089.567583,5018.543835,4625.861375,4278.006285,4117.03334,4507.900031,4740.529356,4959.478091,5177.248278,5104.837715
Yangudi Rassa,663.2570416,667.7151879,735.984526,697.026034,710.268138,816.7688101,721.6898343,599.1786559,749.5525532,1388.154217,983.041431,801.1559692
Zakouma,1466.888798,1306.757977,2347.792184,1720.194197,1281.88487,1384.681611,1631.185969,2686.543939,4228.463154,4787.261684,4291.481463,3023.386669
Zemongo,1729.351755,1928.177608,3253.267287,2488.291729,2788.598306,3736.141758,4736.750356,5152.198376,5062.292056,5112.010999,4645.002867,3971.468656
Zinave,3768.342554,3948.008372,2497.08966,3418.278604,3848.024975,3506.045615,3083.270046,2702.404771,2365.162954,2129.881577,2055.966486,2171.221391